rownum,username,grade,total_score,percent,large_count,scores.bonus_score,scores.hello_world,scores.rectangle,scores.seconds_to_time,scores.string_facts,scores.slice_parts,scores.bit_facts,scores.line_stats,scores.encoding_stats,scores.ip_to_int,scores.money_to_cents,scores.cidr_info,scores.color,scores.even_squares,scores.count_vowels,scores.fizzbuzz,scores.format_row,scores.collatz_steps,scores.run_length_encode,scores.log_stats,scores.describe_command,scores.caesar,scores.text_wrap,scores.render_table,scores.human_size,scores.unique_sorted,scores.common_elements,scores.char_counts,scores.invert_dict,scores.merge_prices,scores.word_frequency,scores.group_by_length,scores.dedup_keeping_order,scores.top_n,scores.hash_table,scores.network,scores.duplicates,scores.aliases,scores.grid,scores.frozen,scores.nested,scores.window,scores.arrange,scores.deep_copy,scores.undo,scores.merge_deep,scores.signature,scores.collect,scores.scope,scores.vector,scores.registry,scores.apply,scores.bind_arguments,scores.order_status,scores.geo_point,scores.date_factory,scores.accounts,scores.market_tick,scores.temperature,scores.money,scores.error_kind,scores.dig,scores.capture,scores.retry,scores.rollback,scores.error_chain,scores.parse_config,scores.playlist,scores.duck_check,scores.rules,scores.route,scores.vocabulary,scores.notebook,scores.board,scores.tags,scores.deck,scores.pipeline,scores.until,scores.outline,scores.steps,scores.tally,scores.session,scores.groups,scores.letters,scores.lineup,scores.rounds,scores.seating,scores.recent,scores.leaderboard,scores.tournament
"","gmd3xcell",8,1735,81.3,"","",10,5,5,10,10,10,15,20,20,30,30,30,5,5,10,10,10,15,20,20,20,30,30,30,5,5,10,10,10,15,20,20,30,30,30,30,20,20,25,25,30,30,35,35,40,20,20,25,25,30,35,40,20,25,25,30,30,35,40,20,20,20,25,25,30,35,20,25,25,30,30,35,35,40,20,25,"","","","","","","","","","","","",""
"","DanielShinoda",4,1160,54.3,"","",10,5,5,10,10,10,15,20,"","",30,"",5,5,10,10,10,15,20,20,"",30,30,30,5,"","","","","","","","","","","",20,20,25,25,30,30,35,35,40,"","","","","","",40,"","","","",30,"",40,"","","","","","","","","","","","","","","",20,25,25,30,30,35,40,20,25,25,30,30,35,35,40
"","samonenko","",10,0.5,"","",10,"","","","","","","","","","","","","","","","","","","","","","","","","","","","","","","","","","","","","","","","","","","","","","","","","","","","","","","","","","","","","","","","","","","","","","","","","","","","","","","","","","","","","","","",""
"","mvmatsievskiy-hse",7,1690,79.2,"","",10,5,5,10,10,10,15,20,20,30,30,30,5,5,10,10,10,15,20,20,20,30,30,30,5,5,10,10,10,15,20,20,30,30,30,30,20,20,25,25,30,30,35,35,40,20,20,25,25,30,35,40,20,25,25,30,30,35,40,20,20,20,25,25,30,35,20,25,25,30,30,35,35,40,"","","","","","","","","","","","","","",""
"","Dima2101kirichenko","",30,1.4,"","",10,5,5,"",10,"","","","","","","","","","","","","","","","","","","","","","","","","","","","","","","","","","","","","","","","","","","","","","","","","","","","","","","","","","","","","","","","","","","","","","","","","","","","","","","","","","","",""
"","MartyrMind","",40,1.9,"","",10,5,5,10,10,"","","","","","","","","","","","","","","","","","","","","","","","","","","","","","","","","","","","","","","","","","","","","","","","","","","","","","","","","","","","","","","","","","","","","","","","","","","","","","","","","","","",""
"","Alexdat2000","",10,0.5,"","",10,"","","","","","","","","","","","","","","","","","","","","","","","","","","","","","","","","","","","","","","","","","","","","","","","","","","","","","","","","","","","","","","","","","","","","","","","","","","","","","","","","","","","","","","",""
"","aalexnoot",5,1267,59.3,"","",10,5,5,10,10,10,15,20,20,30,30,30,5,5,10,10,10,15,17,15,20,30,30,30,5,5,10,10,10,15,16,20,30,30,30,30,20,20,24,20,30,30,"","",40,17,20,25,21,30,35,40,20,25,25,27,24,35,31,20,20,20,25,20,"","","","","","","","","","","","","","","","","","","","","","","","",""
"","dmitriev.svy4toslav",6,1365,63.9,"","",10,5,5,10,10,10,15,20,20,30,30,30,5,5,10,10,10,15,20,20,20,30,30,30,5,5,10,10,10,15,20,20,30,30,30,30,20,20,25,25,30,30,35,28,40,20,20,25,25,30,35,40,20,25,25,27,30,35,"",20,20,20,25,25,30,"","","","","","","","","","","","","","","","","","","","","","","",""
"","slsktnkv","",40,1.9,"","",10,"","","","","","","","","","","","","","","","","","","","","","",30,"","","","","","","","","","","","","","","","","","","","","","","","","","","","","","","","","","","","","","","","","","","","","","","","","","","","","","","","","","","","","","","","",""
"","jarred3000",6,1450,67.9,"","",10,5,5,10,10,10,15,20,20,30,30,30,5,5,10,10,10,15,20,20,20,30,30,30,5,5,10,10,10,15,20,20,30,30,30,30,20,20,25,25,30,30,35,35,40,20,20,25,25,30,35,40,20,25,25,30,30,35,40,20,20,20,25,25,30,35,"","","","","","","","","","","","","","","","","","","","","","",""
"","andrey2008tchistyakov",6,1448,67.8,"","",10,5,5,10,10,10,15,20,20,30,30,30,5,5,10,10,10,15,20,20,20,30,30,30,5,5,10,10,10,15,20,20,30,30,30,30,20,20,25,25,30,30,35,35,40,20,20,25,25,30,35,40,20,25,25,30,30,35,40,20,20,20,25,23,30,35,"","","","","","","","","","","","","","","","","","","","","","",""
"","zolina-v27","",10,0.5,"","",10,"","","","","","","","","","","","","","","","","","","","","","","","","","","","","","","","","","","","","","","","","","","","","","","","","","","","","","","","","","","","","","","","","","","","","","","","","","","","","","","","","","","","","","","",""
"","XRM4D",6,1430,67,"","",10,5,5,10,10,10,15,20,20,30,30,30,5,5,10,10,10,15,20,20,20,30,30,30,5,5,10,10,10,15,20,20,30,30,30,30,20,20,25,25,30,30,35,35,40,20,20,25,25,30,35,40,20,25,25,30,30,35,40,20,"",20,25,25,30,35,"","","","","","","","","","","","","","","","","","","","","","",""
"","tiga08C",6,1385,64.9,"","",10,5,5,10,10,10,15,20,20,30,30,30,5,5,10,10,10,15,20,20,20,30,30,30,5,5,10,10,10,15,20,20,30,30,30,30,20,20,25,25,30,30,35,35,40,20,20,25,25,30,35,40,20,25,25,30,30,35,40,20,20,20,25,25,"","","","","","","","","","","","","","","","","","","","","","","","",""
"","mrloken112",7,1690,79.2,"","",10,5,5,10,10,10,15,20,20,30,30,30,5,5,10,10,10,15,20,20,20,30,30,30,5,5,10,10,10,15,20,20,30,30,30,30,20,20,25,25,30,30,35,35,40,20,20,25,25,30,35,40,20,25,25,30,30,35,40,20,20,20,25,25,30,35,20,25,25,30,30,35,35,40,"","","","","","","","","","","","","","",""
"","nechaeer",6,1447,67.8,"","",10,5,5,10,10,10,15,20,20,30,30,30,5,5,10,10,10,15,20,20,20,30,30,30,5,5,10,10,10,15,20,20,30,30,30,30,20,20,24,25,30,30,35,35,40,20,20,25,25,30,35,40,20,25,25,30,30,35,40,20,20,20,25,23,30,35,"","","","","","","","","","","","","","","","","","","","","","",""
"","spnechaev","",22,1,"","","","","","","","","","","",22,"","","","","","","","","","","","","","","","","","","","","","","","","","","","","","","","","","","","","","","","","","","","","","","","","","","","","","","","","","","","","","","","","","","","","","","","","","","","","","",""
"","Sm1Ling","",10,0.5,"","",10,"","","","","","","","","","","","","","","","","","","","","","","","","","","","","","","","","","","","","","","","","","","","","","","","","","","","","","","","","","","","","","","","","","","","","","","","","","","","","","","","","","","","","","","",""
"","archiptaldykin",9,1894,88.7,"","",10,5,5,10,10,10,15,20,20,30,30,30,5,5,10,10,10,15,20,20,20,30,30,30,5,5,10,10,10,15,20,20,30,30,30,30,20,20,24,25,30,30,35,35,40,20,20,25,25,30,35,40,20,25,25,30,30,35,40,20,20,20,25,25,30,35,20,25,25,30,30,35,35,40,20,25,25,30,30,35,40,"","","","","","","",""
"","Tk150108",6,1450,67.9,"","",10,5,5,10,10,10,15,20,20,30,30,30,5,5,10,10,10,15,20,20,20,30,30,30,5,5,10,10,10,15,20,20,30,30,30,30,20,20,25,25,30,30,35,35,40,20,20,25,25,30,35,40,20,25,25,30,30,35,40,20,20,20,25,25,30,35,"","","","","","","","","","","","","","","","","","","","","","",""
"","nphne-xknqta6d",7,1495,70,"","",10,5,5,10,10,10,15,20,20,30,30,30,5,5,10,10,10,15,20,20,20,30,30,30,5,5,10,10,10,15,20,20,30,30,30,30,20,20,25,25,30,30,35,35,40,20,20,25,25,30,35,40,20,25,25,30,30,35,40,20,20,20,25,25,30,35,20,25,"","","","","","","","","","","","","","","","","","","","",""
"","maxim.kuchkanov",6,1415,66.3,"","",10,5,5,10,10,10,15,20,20,30,30,30,5,5,10,10,10,15,20,20,20,30,30,30,5,5,10,10,10,15,20,20,30,30,30,30,20,20,25,25,30,30,35,35,40,20,20,25,25,30,35,40,20,25,25,30,30,35,40,20,20,20,25,25,30,"","","","","","","","","","","","","","","","","","","","","","","",""
"","alexandroszaets",6,1450,67.9,"","",10,5,5,10,10,10,15,20,20,30,30,30,5,5,10,10,10,15,20,20,20,30,30,30,5,5,10,10,10,15,20,20,30,30,30,30,20,20,25,25,30,30,35,35,40,20,20,25,25,30,35,40,20,25,25,30,30,35,40,20,20,20,25,25,30,35,"","","","","","","","","","","","","","","","","","","","","","",""
"","EmilAliyevich",5,1247,58.4,"","",10,5,5,10,10,10,15,20,20,30,30,30,5,5,10,10,10,15,20,20,20,30,"",30,5,3,10,10,8,9,20,20,26,30,30,"",20,17,24,25,30,30,22,"",40,20,20,25,25,30,35,40,20,25,25,30,30,35,"",20,20,20,25,23,30,"","","","","","","","","","","","","","","","","","","","","","","",""
"","timsottim",7,1688,79.1,"","",10,5,5,10,10,10,15,20,20,30,30,30,5,5,10,10,10,15,20,20,20,30,30,30,5,5,10,10,10,15,20,20,30,30,30,30,20,20,25,25,30,30,35,35,40,20,20,25,25,30,35,40,20,25,25,30,30,35,40,20,20,20,25,25,30,35,20,25,25,30,30,33,35,40,"","","","","","","","","","","","","","",""
"","arinakazazian",6,1447,67.8,"","",10,5,5,10,10,10,15,20,20,30,30,30,5,5,10,10,10,15,20,20,20,30,30,30,5,5,10,10,10,15,20,20,30,30,30,30,20,20,24,25,30,30,35,35,40,20,20,25,25,30,35,40,20,25,25,30,30,35,40,20,20,20,25,23,30,35,"","","","","","","","","","","","","","","","","","","","","","",""
"","zv.serbina",6,1358,63.6,"","",10,5,5,10,10,10,15,20,20,26,30,30,5,5,10,10,10,15,20,20,20,30,30,30,5,5,10,10,10,15,20,20,30,30,30,15,20,20,24,25,30,30,35,35,40,20,20,25,25,30,35,40,20,16,22,30,30,35,40,20,20,20,25,"",30,"","","","","","","","","","","","","","","","","","","","","","","",""
"","rogachevegorushka",6,1430,67,"","",10,5,5,10,10,10,15,20,20,30,30,30,5,5,10,10,10,15,20,20,20,30,30,30,5,5,10,10,10,15,20,20,30,30,30,30,20,20,25,25,30,30,35,35,40,20,20,25,25,30,35,40,20,25,25,30,30,35,20,20,20,20,25,25,30,35,"","","","","","","","","","","","","","","","","","","","","","",""
"","lysenokilya",6,1450,67.9,"","",10,5,5,10,10,10,15,20,20,30,30,30,5,5,10,10,10,15,20,20,20,30,30,30,5,5,10,10,10,15,20,20,30,30,30,30,20,20,25,25,30,30,35,35,40,20,20,25,25,30,35,40,20,25,25,30,30,35,40,20,20,20,25,25,30,35,"","","","","","","","","","","","","","","","","","","","","","",""
"","a.kriv0v",6,1346,63,"","",10,5,5,10,10,10,15,20,20,30,30,30,5,5,10,10,10,15,20,20,20,27,30,30,5,5,10,10,10,15,20,20,30,30,30,15,20,20,19,25,30,30,"","",40,20,16,25,25,30,35,40,16,25,25,30,30,35,40,20,20,20,25,23,30,35,"","","","","","","","","","","","","","","","","","","","","","",""
"","Chuvak.Doma",9,1895,88.8,"","",10,5,5,10,10,10,15,20,20,30,30,30,5,5,10,10,10,15,20,20,20,30,30,30,5,5,10,10,10,15,20,20,30,30,30,30,20,20,25,25,30,30,35,35,40,20,20,25,25,30,35,40,20,25,25,30,30,35,40,20,20,20,25,25,30,35,20,25,25,30,30,35,35,40,20,25,25,30,30,35,40,"","","","","","","",""
"","rvachev.artem.firest",7,1683,78.8,"","",10,5,5,10,10,10,15,20,20,30,30,30,5,5,10,10,10,15,20,20,20,30,30,30,5,5,10,10,10,15,20,20,30,30,30,30,20,20,25,25,30,30,35,35,40,20,20,25,25,30,35,40,20,25,25,30,30,35,40,20,20,20,25,23,30,30,20,25,25,30,30,35,35,40,"","","","","","","","","","","","","","",""
"","szymon.szewkunow",6,1450,67.9,"","",10,5,5,10,10,10,15,20,20,30,30,30,5,5,10,10,10,15,20,20,20,30,30,30,5,5,10,10,10,15,20,20,30,30,30,30,20,20,25,25,30,30,35,35,40,20,20,25,25,30,35,40,20,25,25,30,30,35,40,20,20,20,25,25,30,35,"","","","","","","","","","","","","","","","","","","","","","",""
"","ayearthur",5,1199,56.2,"","",10,5,5,10,10,10,15,20,20,30,30,30,5,4,10,10,10,15,20,20,20,30,"",30,5,5,10,10,10,15,20,20,30,30,30,30,20,20,25,25,30,30,35,35,40,20,20,25,25,30,35,40,20,25,"","","","","",20,20,20,25,"",30,"","","","","","","","","","","","","","","","","","","","","","","",""
"","vladaframchuk",7,1495,70,"","",10,5,5,10,10,10,15,20,20,30,30,30,5,5,10,10,10,15,20,20,20,30,30,30,5,5,10,10,10,15,20,20,30,30,30,30,20,20,25,25,30,30,35,35,40,20,20,25,25,30,35,40,20,25,25,30,30,35,40,20,20,20,25,25,30,35,20,25,"","","","","","","","","","","","","","","","","","","","",""
"","vozduxanka777",7,1507,70.6,"","",10,5,5,10,10,10,15,20,20,30,30,30,5,5,10,10,10,15,20,20,20,30,"",30,5,5,10,10,10,15,20,20,30,30,30,30,20,20,24,25,30,30,28,35,40,20,20,25,25,30,35,40,20,25,25,30,27,35,40,20,20,20,25,23,"","",20,25,25,30,30,35,"","","","","","","","","","","","","","","","",""
"","AIex.Pisanenko",7,1690,79.2,"","",10,5,5,10,10,10,15,20,20,30,30,30,5,5,10,10,10,15,20,20,20,30,30,30,5,5,10,10,10,15,20,20,30,30,30,30,20,20,25,25,30,30,35,35,40,20,20,25,25,30,35,40,20,25,25,30,30,35,40,20,20,20,25,25,30,35,20,25,25,30,30,35,35,40,"","","","","","","","","","","","","","",""
"","kmd170",6,1448,67.8,"","",10,5,5,10,10,10,15,20,20,30,30,30,5,5,10,10,10,15,20,20,20,30,30,30,5,5,10,10,10,15,20,20,30,30,30,30,20,20,25,25,30,30,35,35,40,20,20,25,25,30,35,40,20,25,25,30,30,35,40,20,20,20,25,25,30,33,"","","","","","","","","","","","","","","","","","","","","","",""
"","chastertlye1",6,1450,67.9,"","",10,5,5,10,10,10,15,20,20,30,30,30,5,5,10,10,10,15,20,20,20,30,30,30,5,5,10,10,10,15,20,20,30,30,30,30,20,20,25,25,30,30,35,35,40,20,20,25,25,30,35,40,20,25,25,30,30,35,40,20,20,20,25,25,30,35,"","","","","","","","","","","","","","","","","","","","","","",""
"","luka.duvanov",6,1470,68.9,"","",10,5,5,10,10,10,15,20,20,30,30,30,5,5,10,10,10,15,20,20,20,30,30,30,5,5,10,10,10,15,20,20,30,30,30,30,20,20,25,25,30,30,35,35,40,20,20,25,25,30,35,40,20,25,25,30,30,35,40,20,20,20,25,25,30,35,20,"","","","","","","","","","","","","","","","","","","","","",""
"","fyodzaitsev",7,1579,74,"","",10,5,5,10,10,10,15,20,20,30,30,30,5,5,10,10,10,15,20,20,20,30,"",30,5,5,10,10,10,15,20,20,30,30,30,30,20,20,25,25,30,30,35,35,40,20,20,25,25,30,35,40,20,25,25,30,30,35,40,20,20,20,25,23,30,35,20,25,25,30,26,35,"","","","","","","","","","","","","","","","",""
"","krab1kkk",6,1403,65.7,"","",10,5,5,10,10,10,15,20,20,30,30,30,5,5,10,10,10,15,20,20,20,30,30,30,5,5,10,10,10,15,20,20,30,30,30,30,20,20,25,25,30,30,35,29,40,20,20,25,25,30,35,40,20,25,25,30,30,35,34,20,20,20,25,25,30,"","","","","","","","","","","","","","","","","","","","","","","",""
"","naranochirov2906",6,1420,66.5,"","",10,5,5,10,10,10,15,20,20,30,30,30,5,5,10,10,10,15,20,20,20,30,30,30,5,5,10,10,10,15,20,20,30,30,30,30,20,20,25,25,28,30,35,35,40,20,20,25,25,30,35,40,20,25,12,15,30,35,40,20,20,20,25,25,30,35,"","","","","","","","","","","","","","","","","","","","","","",""
"","Arssenium",6,1369,64.1,"","",10,5,5,10,10,10,15,20,20,30,30,30,5,5,10,10,10,15,20,20,20,30,30,30,5,5,10,10,10,15,20,20,30,30,30,22,20,20,21,25,28,30,35,35,40,20,20,25,25,30,35,40,20,25,25,30,30,35,40,20,20,20,25,23,"","","","","","","","","","","","","","","","","","","","","","","","",""
"","mattlossos",7,1615,75.6,"","",10,5,5,10,10,10,15,20,20,30,30,30,5,5,10,10,10,15,20,20,20,30,30,30,5,5,10,10,10,15,20,20,30,30,30,30,20,20,25,25,30,30,35,35,40,20,20,25,25,30,35,40,20,25,25,30,30,35,40,20,20,20,25,25,30,35,20,25,25,30,30,35,"","","","","","","","","","","","","","","","",""
"","el1k69",4,1155,54.1,"","",10,5,5,10,10,10,15,20,20,30,30,30,5,5,10,10,10,15,20,20,17,30,30,30,5,5,10,10,10,15,20,20,30,30,30,"",20,20,22,25,30,30,"","",40,20,20,25,25,30,35,40,20,25,25,15,"","","",20,20,18,25,23,"","","","","","","","","","","","","","","","","","","","","","","","",""
"","chechelnitskiy00",6,1306,61.2,"","",10,5,5,10,10,10,15,20,20,30,30,30,5,5,10,10,10,15,20,20,20,30,30,30,5,5,10,10,10,15,20,20,30,30,30,30,20,20,25,25,30,30,35,35,40,20,20,25,25,30,35,40,20,25,25,30,27,35,40,14,20,"","","","","","","","","","","","","","","","","","","","","","","","","","","",""
"","kginy",6,1376,64.4,"","",10,5,5,10,10,10,15,20,20,30,30,30,5,5,10,10,10,15,20,20,20,30,20,30,5,5,10,10,10,15,16,20,30,30,30,20,20,20,19,25,30,30,31,35,40,20,20,25,25,30,35,40,20,25,25,30,30,35,40,20,20,17,25,23,"",30,"","","","","","","","","","","","","","","","","","","","","","",""
"","Chugunov-Andrey0905",6,1450,67.9,"","",10,5,5,10,10,10,15,20,20,30,30,30,5,5,10,10,10,15,20,20,20,30,30,30,5,5,10,10,10,15,20,20,30,30,30,30,20,20,25,25,30,30,35,35,40,20,20,25,25,30,35,40,20,25,25,30,30,35,40,20,20,20,25,25,30,35,"","","","","","","","","","","","","","","","","","","","","","",""
"","Alechell",6,1450,67.9,"","",10,5,5,10,10,10,15,20,20,30,30,30,5,5,10,10,10,15,20,20,20,30,30,30,5,5,10,10,10,15,20,20,30,30,30,30,20,20,25,25,30,30,35,35,40,20,20,25,25,30,35,40,20,25,25,30,30,35,40,20,20,20,25,25,30,35,"","","","","","","","","","","","","","","","","","","","","","",""
"","Gracik089",6,1348,63.1,"","",10,5,5,10,10,10,15,20,20,30,30,30,5,5,10,10,10,15,20,20,20,27,30,30,5,5,10,10,10,15,20,20,30,30,30,30,20,20,25,25,30,30,35,35,40,20,20,25,25,30,35,40,20,16,25,30,30,35,40,20,20,20,25,"","","","","","","","","","","","","","","","","","","","","","","","","",""
"","daniskagirov",6,1407,65.9,"","",10,5,5,10,10,10,15,20,20,26,30,30,5,5,10,8,10,15,20,20,20,27,30,30,5,5,10,10,10,15,20,20,30,30,30,22,20,20,24,25,30,28,31,35,40,20,20,25,21,30,35,40,20,22,22,30,30,31,37,20,20,20,25,23,30,35,"","","","","","","","","","","","","","","","","","","","","","",""
"","Bebraqwe","",195,9.1,"","",10,5,5,10,10,10,15,20,20,30,30,30,"","","","","","","","","","","","","","","","","","","","","","","","","","","","","","","","","","","","","","","","","","","","","","","","","","","","","","","","","","","","","","","","","","","","","","","","","","","","",""
"","savva.zhdanow",6,1415,66.3,"","",10,5,5,10,10,10,15,20,20,30,30,30,5,5,10,10,10,15,20,20,20,30,30,30,5,5,10,10,10,15,20,20,30,30,30,30,20,20,25,25,30,30,35,35,40,20,20,25,25,30,35,40,20,25,25,30,30,35,40,20,20,20,25,25,30,"","","","","","","","","","","","","","","","","","","","","","","",""
"","suanlam",6,1427,66.8,"","",10,5,5,10,10,10,15,20,20,30,30,30,5,5,10,10,10,15,20,20,20,30,30,30,5,5,10,10,10,15,20,20,30,30,30,30,20,20,25,25,30,30,35,35,40,20,20,25,25,30,35,40,20,25,25,13,24,35,40,20,20,20,25,25,30,35,"","","","","","","","","","","","","","","","","","","","","","",""
"","marr.mar.ie",6,1448,67.8,"","",10,5,5,10,10,10,15,20,20,30,30,30,5,5,10,10,10,15,20,20,20,30,30,30,5,5,10,10,10,15,20,20,30,30,30,30,20,20,25,25,30,30,35,35,40,20,20,25,25,30,35,40,20,25,25,30,30,35,40,20,20,20,25,23,30,35,"","","","","","","","","","","","","","","","","","","","","","",""
"","semyanovandrew",6,1400,65.6,"","",10,5,5,10,10,10,15,20,20,30,30,30,5,5,10,10,10,15,20,20,20,30,30,30,5,5,10,10,10,15,20,20,30,30,30,30,20,20,24,25,30,24,28,28,32,20,20,25,25,30,35,40,20,25,25,30,30,35,40,20,20,20,25,25,30,14,"","","","","","","","","","","","","","","","","","","","","","",""
"","temik69x",6,1408,65.9,"","",10,5,5,10,10,10,15,20,20,30,30,30,5,5,10,10,10,15,20,20,20,30,30,30,5,5,10,10,10,15,20,20,30,30,30,30,20,20,25,25,30,30,35,35,"",20,20,25,25,30,35,40,20,25,25,30,30,35,40,20,20,20,25,23,30,35,"","","","","","","","","","","","","","","","","","","","","","",""
"","turlakova.iolanta",7,1650,77.3,"","",10,5,5,10,10,10,15,20,20,30,30,30,5,5,10,10,10,15,20,20,20,30,30,30,5,5,10,10,10,15,20,20,30,30,30,30,20,20,25,25,30,30,35,35,40,20,20,25,25,30,35,40,20,25,25,30,30,35,40,20,20,20,25,25,30,35,20,25,25,30,30,35,35,"","","","","","","","","","","","","","","",""
"","Vovatoppot",6,1450,67.9,"","",10,5,5,10,10,10,15,20,20,30,30,30,5,5,10,10,10,15,20,20,20,30,30,30,5,5,10,10,10,15,20,20,30,30,30,30,20,20,25,25,30,30,35,35,40,20,20,25,25,30,35,40,20,25,25,30,30,35,40,20,20,20,25,25,30,35,"","","","","","","","","","","","","","","","","","","","","","",""
"","serega.ciferblat",6,1392,65.2,"","",10,5,5,10,10,10,15,20,20,30,30,30,5,5,10,10,10,15,20,20,20,30,27,30,5,5,10,10,10,15,20,20,30,27,25,20,20,20,25,25,30,30,35,35,40,20,20,25,25,30,35,40,20,25,25,30,30,35,40,20,20,20,25,23,30,"","","","","","","","","","","","","","","","","","","","","","","",""
"","milanzainullin",6,1302,61,"","",10,5,5,10,10,10,15,20,20,30,30,30,5,5,10,10,10,15,20,20,20,30,30,30,5,5,10,10,10,15,20,20,30,30,30,30,20,20,25,25,30,30,35,"","",20,20,25,25,30,35,40,20,25,25,30,30,31,40,20,20,18,25,23,"","","","","","","","","","","","","","","","","","","","","","","","",""
"","lyu5iaivanova",5,1184,55.5,"","",10,5,5,10,10,10,15,20,20,30,30,30,5,5,10,10,10,15,20,20,20,30,30,30,5,5,10,10,10,13,20,17,30,30,30,28,20,20,25,25,30,30,26,33,40,20,20,25,25,30,35,40,"",22,"","","","","",20,20,"",23,20,27,"","","","","","","","","","","","","","","","","","","","","","","",""
"","DiFe2008",4,1155,54.1,"","",10,5,5,10,10,10,15,20,20,30,30,30,5,5,10,10,10,15,20,20,20,30,"",30,5,5,10,10,10,15,20,20,30,30,25,"",20,20,25,25,30,30,35,"","",20,20,25,25,30,35,"",20,25,25,27,30,35,40,20,20,"",23,"","","","","","","","","","","","","","","","","","","","","","","","","",""
"","georgegolovach",6,1288,60.3,"","",10,5,5,10,10,10,15,20,20,30,30,30,5,5,10,10,10,15,20,20,20,30,30,30,5,5,10,10,10,15,20,20,30,30,30,30,20,20,25,25,30,"","",35,"",20,20,25,25,30,35,20,20,25,25,30,30,35,40,20,20,20,25,23,30,"","","","","","","","","","","","","","","","","","","","","","","",""
"","alexei.savosteev",6,1417,66.4,"","",10,5,5,10,10,10,15,20,20,30,30,30,5,5,10,10,10,15,20,20,20,30,30,30,5,5,10,10,10,15,20,20,30,30,30,30,20,20,25,25,30,30,28,28,40,20,20,25,25,30,35,40,20,25,22,30,27,35,34,20,20,20,25,23,30,30,"","","","","","","","","","","","","","","","","","","","","","",""
"","lego.get",6,1408,65.9,"","",10,5,5,10,10,10,15,20,20,30,30,30,5,5,10,10,10,15,20,12,20,30,30,30,5,5,10,10,10,9,20,20,30,30,25,30,20,20,24,25,30,30,35,35,31,20,20,25,25,30,35,40,20,22,25,30,30,35,40,20,20,20,25,23,27,30,"","","","","","","","","","","","","","","","","","","","","","",""
"","kurdyukov.semen",6,1343,62.9,"","",10,5,5,10,10,10,15,20,20,30,30,30,5,5,10,10,10,15,20,20,20,30,30,30,5,5,10,10,10,15,20,20,30,30,30,30,20,20,18,23,30,30,35,35,32,20,20,25,25,30,35,40,20,25,25,27,30,35,40,20,20,"",23,25,"","","","","","","","","","","","","","","","","","","","","","","","",""
"","sergeant102073",6,1399,65.5,"","",10,5,5,10,10,10,15,20,20,30,30,30,5,5,10,10,10,15,20,20,20,30,30,30,5,5,10,10,10,15,20,20,30,30,30,30,20,20,25,25,30,30,35,35,40,20,20,25,25,30,35,40,20,25,25,30,30,35,40,20,20,20,25,25,"",14,"","","","","","","","","","","","","","","","","","","","","","",""
"","grigory.tchernomorchenko",6,1317,61.7,"","",10,5,5,10,10,10,15,20,20,30,30,30,5,5,10,8,10,15,20,20,20,30,30,30,5,5,10,10,10,15,20,20,30,30,30,28,20,20,25,25,30,30,"",25,32,20,20,21,25,30,35,40,20,25,22,25,24,31,37,11,20,18,25,20,30,"","","","","","","","","","","","","","","","","","","","","","","",""
"","theflotro",6,1398,65.5,"","",10,5,5,10,10,10,15,20,20,30,30,30,5,5,10,10,10,15,20,20,20,30,30,30,5,5,10,10,10,11,20,20,30,30,30,30,20,20,25,25,30,30,22,35,40,20,20,25,25,30,35,40,20,25,25,25,21,35,31,20,17,20,23,23,30,30,"","","","","","","","","","","","","","","","","","","","","","",""
"","pelgod",6,1354,63.4,"","",10,5,5,10,10,10,15,20,20,19,30,30,5,5,10,10,10,15,20,18,20,27,"",30,5,5,10,10,10,15,20,20,30,30,30,30,20,20,24,25,30,30,35,35,40,20,20,25,25,30,35,40,20,25,19,30,30,35,40,20,20,20,25,23,24,"","","","","","","","","","","","","","","","","","","","","","","",""
"","maya.v1c.alexandrova",7,1650,77.3,"","",10,5,5,10,10,10,15,20,20,30,30,30,5,5,10,10,10,15,20,20,20,30,30,30,5,5,10,10,10,15,20,20,30,30,30,30,20,20,25,25,30,30,35,35,40,20,20,25,25,30,35,40,20,25,25,30,30,35,40,20,20,20,25,25,30,35,20,25,25,30,30,35,35,"","","","","","","","","","","","","","","",""
"","matveyuschkadmitriev",6,1430,67,"","",10,5,5,10,10,10,15,20,20,30,30,30,5,5,10,10,10,15,20,20,20,30,30,30,5,5,10,10,10,15,20,20,30,30,30,30,20,20,25,25,30,30,35,35,40,20,20,25,25,30,35,40,20,25,25,30,30,35,20,20,20,20,25,25,30,35,"","","","","","","","","","","","","","","","","","","","","","",""
"","rzd.470",5,1224,57.3,"","",10,5,5,10,10,10,15,20,20,26,30,30,5,5,10,10,10,15,17,20,17,23,20,30,5,5,10,10,10,15,16,20,30,30,30,22,20,20,25,25,24,19,"","","",20,20,25,25,30,35,40,20,25,25,27,24,35,31,20,20,"",23,11,30,29,"","","","","","","","","","","","","","","","","","","","","","",""
"","SashaM20090201",6,1433,67.1,"","",10,5,5,10,10,10,15,20,20,30,30,30,5,5,10,10,10,15,20,20,20,30,30,30,5,5,10,10,10,15,20,20,30,30,30,30,20,20,24,23,30,30,31,35,40,20,20,25,25,30,35,40,20,25,25,30,30,35,40,20,20,20,25,20,30,30,"","","","","","","","","","","","","","","","","","","","","","",""
"","mr.sherem",1,370,17.3,"","",10,5,5,10,10,10,15,20,20,30,30,30,5,5,10,10,10,15,20,20,20,30,30,"","","","","","","","","","","","","","","","","","","","","","","","","","","","","","","","","","","","","","","","","","","","","","","","","","","","","","","","","","","","","","","","","",""
"","dperevozhik",5,1269,59.4,"","",10,5,5,10,10,10,15,20,20,30,30,30,5,5,10,10,10,15,20,20,20,30,"",30,5,5,10,10,10,15,20,20,30,30,30,22,20,20,"",23,30,30,"","",40,20,20,25,25,30,35,40,20,25,25,30,27,31,40,20,20,18,25,23,30,"","","","","","","","","","","","","","","","","","","","","","","",""
"","v3ktorn",6,1448,67.8,"","",10,5,5,10,10,10,15,20,20,30,30,30,5,5,10,10,10,15,20,20,20,30,30,30,5,5,10,10,10,15,20,20,30,30,30,30,20,20,25,25,30,30,35,35,40,20,20,25,25,30,35,40,20,25,25,30,30,35,40,20,20,20,25,23,30,35,"","","","","","","","","","","","","","","","","","","","","","",""
"","xbar19",1,405,19,"","",10,5,5,10,10,10,15,20,20,30,"",30,5,5,10,10,10,15,20,20,20,30,"","",5,5,10,10,10,15,20,20,"","","","","","","","","","","","","","","","","","","","","","","","","","","","","","","","","","","","","","","","","","","","","","","","","","","","","","","","",""
"","ArtemBirMachoboy007",7,1690,79.2,"","",10,5,5,10,10,10,15,20,20,30,30,30,5,5,10,10,10,15,20,20,20,30,30,30,5,5,10,10,10,15,20,20,30,30,30,30,20,20,25,25,30,30,35,35,40,20,20,25,25,30,35,40,20,25,25,30,30,35,40,20,20,20,25,25,30,35,20,25,25,30,30,35,35,40,"","","","","","","","","","","","","","",""
"","Amiinasalikhova",6,1412,66.1,"","",10,5,5,10,10,10,15,20,20,30,30,30,5,5,10,10,10,15,20,20,20,30,30,30,5,5,10,10,10,15,20,20,30,30,30,30,20,20,25,25,30,30,35,35,40,20,20,25,25,30,35,40,20,25,25,30,27,35,40,20,20,20,25,25,30,"","","","","","","","","","","","","","","","","","","","","","","",""
"","golysevdanila46",6,1448,67.8,"","",10,5,5,10,10,10,15,20,20,30,30,30,5,5,10,10,10,15,20,20,20,30,30,30,5,5,10,10,10,15,20,20,30,30,30,30,20,20,25,25,30,30,35,35,40,20,20,25,25,30,35,40,20,25,25,30,30,35,40,20,20,20,25,23,30,35,"","","","","","","","","","","","","","","","","","","","","","",""
"","colyatrush",6,1349,63.2,"","",10,5,5,10,10,10,15,20,20,30,30,30,5,5,10,10,10,15,20,20,20,30,30,30,5,5,10,10,10,15,20,20,30,30,30,30,20,20,25,25,30,30,35,32,40,20,20,25,25,30,35,40,20,25,25,25,27,35,37,20,20,"",25,23,"","","","","","","","","","","","","","","","","","","","","","","","",""
"","frommathimportcomb",3,909,42.6,"","",10,5,5,10,10,10,15,20,20,30,30,30,5,5,10,10,10,15,20,20,20,30,30,30,5,5,10,10,10,15,20,20,30,30,30,30,20,"","",25,"",30,22,"","",10,10,12,12,15,17,20,10,12,12,15,15,17,20,"","","","","","","","","","","","","","","","","","","","","","","","","","","","","",""
"","Denis-Pestov12",6,1445,67.7,"","",10,5,5,10,10,10,15,20,20,30,30,30,5,5,10,10,10,15,20,20,20,30,30,30,5,5,10,10,10,15,20,20,30,30,30,30,20,20,25,25,30,30,35,35,40,20,20,25,25,30,35,40,20,25,25,25,30,35,40,20,20,20,25,25,30,35,"","","","","","","","","","","","","","","","","","","","","","",""
"","nikita-0301008",7,1609,75.4,"","",10,5,5,10,10,10,15,20,20,30,30,30,5,5,10,10,10,15,20,20,20,30,30,30,5,5,10,10,10,15,20,20,30,30,30,30,20,20,25,25,30,30,31,35,40,20,20,25,25,30,35,40,20,25,25,30,30,35,40,20,20,20,25,25,30,35,20,25,25,30,28,35,"","","","","","","","","","","","","","","","",""
"","busyamouse",6,1450,67.9,"","",10,5,5,10,10,10,15,20,20,30,30,30,5,5,10,10,10,15,20,20,20,30,30,30,5,5,10,10,10,15,20,20,30,30,30,30,20,20,25,25,30,30,35,35,40,20,20,25,25,30,35,40,20,25,25,30,30,35,40,20,20,20,25,25,30,35,"","","","","","","","","","","","","","","","","","","","","","",""
"","aleksandraperekrestova",6,1431,67,"","",10,5,5,10,10,10,15,20,20,30,30,30,5,5,10,10,10,15,20,20,20,30,30,30,5,5,10,10,10,15,20,20,30,30,30,30,20,20,25,25,30,30,35,35,40,20,20,25,25,30,35,40,20,25,25,30,30,35,40,20,20,20,25,25,30,16,"","","","","","","","","","","","","","","","","","","","","","",""
"","GorkunovaSonya",10,2059,96.4,"","",10,5,5,10,10,10,15,20,20,30,30,30,5,5,10,10,10,15,20,20,20,30,30,30,5,5,10,10,10,15,20,20,30,30,30,30,20,20,25,25,30,30,35,35,40,20,20,25,25,30,35,40,20,25,25,30,30,35,40,20,20,20,25,25,30,35,20,25,25,30,30,35,35,40,20,25,25,30,"",35,"",20,25,25,30,27,32,35,40
"","Gurusov02",4,1142,53.5,"","",10,5,5,10,10,10,15,20,20,30,30,30,5,5,10,10,10,15,20,20,20,30,30,30,5,5,10,10,10,15,20,20,30,30,30,"",20,20,25,25,30,30,28,"",32,20,20,25,25,30,17,"",10,"",25,"",30,35,"",20,20,20,25,25,"","","","","","","","","","","","","","","","","","","","","","","","",""
"","ruslanisv",6,1380,64.6,"","",10,5,5,10,10,10,15,20,20,30,30,30,5,5,10,10,10,15,20,20,20,30,30,30,5,5,10,10,10,15,20,20,30,30,30,30,20,20,25,25,30,30,28,35,40,20,20,25,25,30,35,40,20,25,25,30,30,35,37,20,20,20,25,"",30,"","","","","","","","","","","","","","","","","","","","","","","",""
"","nastya.kotka",6,1317,61.7,"","",10,5,5,10,10,10,15,20,20,30,30,30,5,5,10,10,10,15,20,20,20,30,30,30,5,5,10,10,10,15,20,20,30,30,30,15,20,20,25,25,30,30,35,35,40,20,20,25,25,30,35,40,20,25,25,30,27,35,40,20,20,20,"","","","","","","","","","","","","","","","","","","","","","","","","","",""
"","timur.ingildeev",6,1450,67.9,"","",10,5,5,10,10,10,15,20,20,30,30,30,5,5,10,10,10,15,20,20,20,30,30,30,5,5,10,10,10,15,20,20,30,30,30,30,20,20,25,25,30,30,35,35,40,20,20,25,25,30,35,40,20,25,25,30,30,35,40,20,20,20,25,25,30,35,"","","","","","","","","","","","","","","","","","","","","","",""
"","vakilkom",6,1286,60.2,"","",10,5,5,10,10,10,15,20,20,30,30,30,5,5,10,10,10,15,20,20,20,27,30,30,5,5,10,10,10,15,20,20,30,30,30,30,20,20,25,25,30,30,35,35,40,20,20,25,25,30,35,40,18,22,25,"","","","",17,20,20,25,25,30,17,"","","","","","","","","","","","","","","","","","","","","","",""
"","rumit.tim7",6,1450,67.9,"","",10,5,5,10,10,10,15,20,20,30,30,30,5,5,10,10,10,15,20,20,20,30,30,30,5,5,10,10,10,15,20,20,30,30,30,30,20,20,25,25,30,30,35,35,40,20,20,25,25,30,35,40,20,25,25,30,30,35,40,20,20,20,25,25,30,35,"","","","","","","","","","","","","","","","","","","","","","",""
"","Arafatlugma",5,1257,58.9,"","",10,5,5,10,10,10,15,20,20,30,30,30,5,5,10,10,10,15,20,20,20,30,30,30,5,5,10,10,10,15,20,20,30,30,30,30,18,20,24,25,30,30,35,"",40,20,20,25,25,30,35,20,20,25,25,30,30,35,40,20,20,"","","","","","","","","","","","","","","","","","","","","","","","","","","",""
"","rasulovartyom224",6,1358,63.6,"","",10,5,5,10,10,10,15,20,20,30,30,30,5,5,8,10,10,15,20,20,20,30,30,30,5,5,10,10,10,15,20,20,30,30,30,30,20,20,25,25,30,30,"","",40,20,20,25,25,30,35,40,20,25,25,30,30,35,40,20,20,20,25,25,"","",20,25,"","","","","","","","","","","","","","","","","","","","",""
"","artem.tihonkih",6,1335,62.5,"","",10,5,5,10,10,10,15,20,20,19,30,30,5,5,10,10,10,15,20,20,20,30,30,30,5,5,10,10,10,9,20,20,30,30,30,30,20,20,25,25,30,30,35,35,40,20,20,25,25,30,35,40,20,25,25,30,30,35,20,20,20,20,25,12,"","","","","","","","","","","","","","","","","","","","","","","","",""
"","twizzzleannie",5,1209,56.6,"","",10,5,5,10,10,10,15,20,20,30,30,30,5,5,10,10,10,15,20,20,20,30,30,30,5,5,10,10,10,15,20,20,30,30,30,30,20,20,24,25,30,30,31,35,"",20,20,25,25,30,35,"",20,22,12,15,15,"","",20,20,20,25,25,30,"","","","","","","","","","","","","","","","","","","","","","","",""
"","romanzhuravlev121",5,1195,56,"","",10,5,5,10,10,10,15,20,20,30,30,30,5,5,10,10,10,15,20,20,20,30,30,30,5,5,10,10,10,15,20,20,30,30,30,30,20,20,25,25,30,30,28,"",32,20,20,25,25,30,35,40,"","","","","","","",20,20,20,25,25,30,35,"","","","","","","","","","","","","","","","","","","","","","",""
"","missannastar",6,1443,67.6,"","",10,5,5,10,10,10,15,20,20,30,30,30,5,5,10,10,10,15,20,20,20,30,30,30,5,5,10,10,10,15,20,20,30,30,30,30,20,20,25,25,30,30,31,32,40,20,20,25,25,30,35,40,20,25,25,30,30,35,40,20,20,20,25,25,30,35,"","","","","","","","","","","","","","","","","","","","","","",""
"","alisakrav5",2,615,28.8,"","",10,5,5,10,10,10,15,20,20,30,30,30,5,5,10,10,10,15,20,20,20,30,30,30,5,5,10,10,10,15,20,20,30,30,30,30,"","","","","","","","","","","","","","","","","","","","","","","","","","","","","","","","","","","","","","","","","","","","","","","","","","","","",""
"","kikfej",2,543,25.4,"","",10,5,5,10,10,10,15,20,20,30,30,30,5,5,10,10,10,15,20,20,20,30,"",30,5,5,10,10,10,7,"","","","","","",14,16,"","","","","","","",10,10,12,12,15,17,20,"","","","","","","","","","","","","","","","","","","","","","","","","","","","","","","","","","","","",""
"","andy.sviderskiy",6,1422,66.6,"","",10,5,5,10,10,10,15,20,20,30,30,30,5,5,10,10,10,15,20,20,20,30,30,30,5,5,10,10,10,15,20,20,30,27,30,30,20,20,24,23,30,30,35,35,40,20,20,25,25,30,35,40,20,25,25,27,30,35,40,20,20,17,25,23,21,30,"","","","","","","","","","","","","","","","","","","","","","",""
"","alestoro",8,1736,81.3,"","",10,5,5,10,10,10,15,20,20,30,30,30,5,5,10,10,10,15,20,20,20,30,30,30,5,5,10,10,10,15,20,20,30,30,30,30,20,20,25,25,30,30,35,29,40,20,20,25,25,30,35,40,20,25,25,30,30,35,37,20,20,20,23,23,27,33,18,25,25,30,28,33,35,40,20,25,25,"","","","","","","","","","","",""
"","ilj1nov.i",6,1378,64.5,"","",10,5,5,10,10,10,15,20,20,30,30,30,5,5,10,10,10,15,20,20,20,30,30,30,5,5,10,10,10,15,20,20,30,30,30,30,20,20,25,25,30,30,28,35,40,20,20,25,25,30,35,40,20,25,25,30,30,35,40,20,20,20,25,25,"","","","","","","","","","","","","","","","","","","","","","","","",""
"","StephKakmneso",6,1415,66.3,"","",10,5,5,10,10,10,15,20,20,30,30,30,5,5,10,10,10,15,20,20,20,30,30,30,5,5,10,10,10,15,20,20,30,30,30,30,20,20,25,25,30,30,35,35,40,20,20,25,25,30,35,40,20,25,25,30,30,35,40,20,20,20,25,25,30,"","","","","","","","","","","","","","","","","","","","","","","",""
"","fgjhfjmfg",7,1686,79,"","",10,5,5,10,10,10,15,20,20,30,30,30,5,5,10,10,10,15,20,20,20,30,30,30,5,5,10,10,10,15,20,20,30,30,30,30,20,20,25,25,30,30,35,35,40,20,20,25,25,30,35,40,20,25,25,30,30,35,40,20,20,20,25,23,30,35,20,25,25,30,28,35,35,40,"","","","","","","","","","","","","","",""
"","SaToZeR",6,1450,67.9,"","",10,5,5,10,10,10,15,20,20,30,30,30,5,5,10,10,10,15,20,20,20,30,30,30,5,5,10,10,10,15,20,20,30,30,30,30,20,20,25,25,30,30,35,35,40,20,20,25,25,30,35,40,20,25,25,30,30,35,40,20,20,20,25,25,30,35,"","","","","","","","","","","","","","","","","","","","","","",""
"","simakoffgeor",9,1895,88.8,"","",10,5,5,10,10,10,15,20,20,30,30,30,5,5,10,10,10,15,20,20,20,30,30,30,5,5,10,10,10,15,20,20,30,30,30,30,20,20,25,25,30,30,35,35,40,20,20,25,25,30,35,40,20,25,25,30,30,35,40,20,20,20,25,25,30,35,20,25,25,30,30,35,35,40,20,25,25,30,30,35,40,"","","","","","","",""
"","Pashtet.shpingalet",6,1417,66.4,"","",10,5,5,10,10,10,15,20,20,30,30,30,5,5,10,10,10,15,20,20,20,30,30,30,5,5,10,10,10,15,20,20,30,30,30,30,20,20,25,25,30,30,35,35,40,20,20,25,12,30,35,20,20,25,25,30,30,35,40,20,20,20,25,25,30,35,"","","","","","","","","","","","","","","","","","","","","","",""
"","polinagrushanskaya",6,1450,67.9,"","",10,5,5,10,10,10,15,20,20,30,30,30,5,5,10,10,10,15,20,20,20,30,30,30,5,5,10,10,10,15,20,20,30,30,30,30,20,20,25,25,30,30,35,35,40,20,20,25,25,30,35,40,20,25,25,30,30,35,40,20,20,20,25,25,30,35,"","","","","","","","","","","","","","","","","","","","","","",""
"","giulioartemiev",6,1310,61.4,"","",10,5,5,10,10,10,15,20,20,30,30,30,5,5,10,10,10,15,20,20,20,30,30,30,5,5,10,10,10,15,20,20,30,30,30,30,20,20,25,25,30,30,35,"","",20,20,25,25,30,35,40,20,25,25,30,30,35,40,20,20,20,25,25,"","","","","","","","","","","","","","","","","","","","","","","","",""
"","Zemskovegor4",5,1275,59.7,"","",10,5,5,10,10,10,15,20,20,30,30,30,5,5,10,10,10,15,20,20,20,30,30,30,5,5,10,10,10,15,20,20,30,30,30,"",20,20,25,25,30,30,"","","",20,20,25,25,30,35,40,20,25,25,30,30,35,40,20,20,20,25,25,30,"","","","","","","","","","","","","","","","","","","","","","","",""
"","loner.vik",6,1434,67.2,"","",10,5,5,8,10,10,15,20,20,30,30,30,5,5,10,10,10,15,14,20,20,30,30,30,5,5,10,10,10,15,20,20,30,27,25,30,20,20,25,25,30,30,35,35,40,20,20,25,25,30,35,40,20,25,25,30,30,35,40,20,20,20,25,25,30,35,"","","","","","","","","","","","","","","","","","","","","","",""
"","vinnikov.savva",4,1062,49.7,"","",10,5,5,10,10,10,15,20,20,30,30,30,5,5,10,10,10,15,20,20,20,30,"",30,5,5,10,10,10,15,20,20,30,"","","",20,20,25,25,30,30,35,"","",20,20,25,25,30,35,"",20,25,25,15,15,17,"",20,20,20,25,25,"","","","","","","","","","","","","","","","","","","","","","","","",""
"","arielpyankova",6,1445,67.7,"","",10,5,5,10,10,10,15,20,20,30,30,30,5,5,10,10,10,15,20,20,20,30,30,30,5,5,10,10,10,15,20,20,30,30,30,30,20,20,20,25,30,30,35,35,40,20,20,25,25,30,35,40,20,25,25,30,30,35,40,20,20,20,25,25,30,35,"","","","","","","","","","","","","","","","","","","","","","",""
"","tanyabolshenko",6,1450,67.9,"","",10,5,5,10,10,10,15,20,20,30,30,30,5,5,10,10,10,15,20,20,20,30,30,30,5,5,10,10,10,15,20,20,30,30,30,30,20,20,25,25,30,30,35,35,40,20,20,25,25,30,35,40,20,25,25,30,30,35,40,20,20,20,25,25,30,35,"","","","","","","","","","","","","","","","","","","","","","",""
"","tchapuralena",4,1145,53.6,"","",10,5,5,10,10,10,15,20,20,30,30,30,5,5,10,10,10,15,20,20,20,30,30,30,5,5,10,10,10,15,20,20,30,30,30,30,20,20,25,25,"","","","","",20,20,25,25,30,35,40,20,22,25,30,30,35,"",20,20,18,25,"","","","","","","","","","","","","","","","","","","","","","","","","",""
"","nikitinvladimirq",6,1410,66,"","",10,5,5,10,10,10,15,20,20,30,30,30,5,5,10,10,10,15,20,20,20,30,30,30,5,5,10,10,10,15,20,20,30,30,30,30,20,20,25,25,30,30,35,35,40,20,20,25,25,30,35,40,20,25,25,30,30,35,37,20,20,20,25,23,30,"","","","","","","","","","","","","","","","","","","","","","","",""
"","kolya.orlyansky",6,1436,67.3,"","",10,5,5,10,10,10,15,20,20,30,30,30,5,5,10,10,10,15,20,20,20,30,30,30,5,5,10,10,10,15,20,20,30,27,30,30,20,20,25,23,30,30,35,35,40,20,20,25,25,30,35,40,20,25,25,30,27,35,40,20,20,20,25,25,30,29,"","","","","","","","","","","","","","","","","","","","","","",""
"","rm7575",5,1216,57,"","",10,5,5,10,10,10,15,20,20,30,30,30,5,5,10,10,10,15,20,18,20,30,20,30,5,5,10,10,10,15,20,20,30,30,25,30,20,20,25,25,30,30,35,35,"",20,20,25,25,30,"",40,13,25,25,25,30,35,"",20,20,20,25,"","","","","","","","","","","","","","","","","","","","","","","","","",""
"","NMishaYX",6,1448,67.8,"","",10,5,5,10,10,10,15,20,20,30,30,30,5,5,10,10,10,15,20,20,20,30,30,30,5,5,10,10,10,15,20,20,30,30,30,30,20,20,25,25,30,30,35,35,40,20,20,25,25,30,35,40,20,25,25,30,30,35,40,20,20,20,25,23,30,35,"","","","","","","","","","","","","","","","","","","","","","",""
"","g6xxx",6,1346,63,"","",10,5,5,10,10,10,15,20,20,30,30,30,5,5,10,10,10,15,20,20,20,30,30,30,5,5,10,10,10,15,20,20,30,30,30,30,20,20,25,25,30,30,31,"",40,20,20,25,25,30,35,40,20,25,25,30,30,35,40,20,20,20,25,25,"","","","","","","","","","","","","","","","","","","","","","","","",""
"","ilyalovoleg",4,1086,50.9,"","",10,5,5,10,10,10,15,20,20,30,30,30,5,5,10,10,10,15,20,20,20,30,30,30,5,5,10,10,10,15,20,20,30,30,30,30,18,20,25,25,30,"","","",31,20,20,25,25,30,"",40,20,25,25,30,27,35,"","","","","","","","","","","","","","","","","","","","","","","","","","","","","","",""
"","Alex708080",6,1313,61.5,"","",10,5,5,10,10,10,15,20,20,30,30,30,5,5,10,10,10,15,20,12,20,30,30,30,5,3,10,10,10,13,20,20,30,30,30,"",20,20,24,25,30,30,35,35,"",20,20,25,25,30,35,40,20,22,25,30,27,27,37,20,20,20,25,23,30,"","","","","","","","","","","","","","","","","","","","","","","",""
"","Julia06086",6,1450,67.9,"","",10,5,5,10,10,10,15,20,20,30,30,30,5,5,10,10,10,15,20,20,20,30,30,30,5,5,10,10,10,15,20,20,30,30,30,30,20,20,25,25,30,30,35,35,40,20,20,25,25,30,35,40,20,25,25,30,30,35,40,20,20,20,25,25,30,35,"","","","","","","","","","","","","","","","","","","","","","",""
"","pancake.z",6,1324,62,"","",10,5,5,10,10,10,15,20,20,30,30,30,5,5,10,10,10,15,20,20,20,27,30,30,5,5,10,10,10,15,20,20,30,30,30,15,20,20,25,23,30,22,31,"","",20,20,25,25,30,35,40,20,25,22,27,30,31,40,20,20,18,25,23,30,30,"","","","","","","","","","","","","","","","","","","","","","",""
"","Roman.Andrianov1512",4,1034,48.4,"","",10,5,5,10,10,10,15,20,20,30,17,30,5,4,8,10,10,15,17,8,20,30,"","",5,3,10,10,6,9,20,20,15,15,"","",20,20,25,25,30,30,35,"","",20,20,25,25,30,35,"",20,22,22,19,21,35,"",20,20,18,25,23,27,"","","","","","","","","","","","","","","","","","","","","","","",""
"","vladisshib",6,1349,63.2,"","",10,5,5,10,10,10,15,20,20,30,30,30,5,5,10,10,10,15,20,20,20,30,30,30,5,5,10,10,10,15,20,20,30,30,28,22,20,20,25,25,30,30,35,35,27,20,20,25,25,30,35,40,20,25,22,30,30,35,"",20,20,20,25,25,30,"","","","","","","","","","","","","","","","","","","","","","","",""
"","lublu.gengi",6,1450,67.9,"","",10,5,5,10,10,10,15,20,20,30,30,30,5,5,10,10,10,15,20,20,20,30,30,30,5,5,10,10,10,15,20,20,30,30,30,30,20,20,25,25,30,30,35,35,40,20,20,25,25,30,35,40,20,25,25,30,30,35,40,20,20,20,25,25,30,35,"","","","","","","","","","","","","","","","","","","","","","",""
"","Konsteme",6,1371,64.2,"","",10,5,5,10,10,10,15,20,20,30,30,30,5,5,10,10,10,15,20,20,20,30,30,30,5,5,10,10,10,15,20,20,30,27,30,30,20,19,25,25,30,30,35,"","",20,20,25,25,30,35,40,20,25,25,30,30,35,40,20,20,20,25,25,30,35,"","","","","","","","","","","","","","","","","","","","","","",""
"","sasch.zaripova",6,1434,67.2,"","",10,5,5,10,10,10,15,20,20,30,30,30,5,5,10,10,10,15,20,20,20,30,30,30,5,5,10,10,10,15,20,20,30,30,30,30,20,20,24,25,30,30,35,35,40,20,20,25,25,30,35,40,20,22,22,30,30,35,37,20,20,20,25,25,24,35,"","","","","","","","","","","","","","","","","","","","","","",""
"","ek.dvorianchikova",6,1450,67.9,"","",10,5,5,10,10,10,15,20,20,30,30,30,5,5,10,10,10,15,20,20,20,30,30,30,5,5,10,10,10,15,20,20,30,30,30,30,20,20,25,25,30,30,35,35,40,20,20,25,25,30,35,40,20,25,25,30,30,35,40,20,20,20,25,25,30,35,"","","","","","","","","","","","","","","","","","","","","","",""
"","alttster",3,830,38.9,"","",10,5,5,10,10,10,15,20,20,30,30,30,5,5,10,10,10,15,20,20,20,30,30,30,5,5,10,10,10,15,20,20,30,30,30,30,20,20,25,25,30,30,"","","",20,20,25,"","","","","","","","","","","","","","","","","","","","","","","","","","","","","","","","","","","","","","","","",""
"","bessonovasashaa",3,883,41.4,"","",10,5,5,10,10,10,15,20,20,30,30,30,5,5,10,10,10,15,20,20,20,27,"",30,5,4,10,10,10,15,20,20,30,"",30,"",20,20,25,25,30,"","","","",20,20,25,25,30,35,40,"",22,25,"","","","","","","","","","","","","","","","","","","","","","","","","","","","","","","","","",""
"","vanabanov",6,1389,65.1,"","",10,5,5,10,10,10,15,20,20,26,30,30,5,5,10,10,10,15,20,20,16,30,30,30,5,5,10,10,10,15,20,20,30,"",28,30,20,18,19,25,30,30,31,35,40,20,20,25,25,30,35,40,20,25,25,30,30,31,37,20,20,20,25,25,30,33,"","","","","","","","","","","","","","","","","","","","","","",""
"","vladislavsamolazov",7,1690,79.2,"","",10,5,5,10,10,10,15,20,20,30,30,30,5,5,10,10,10,15,20,20,20,30,30,30,5,5,10,10,10,15,20,20,30,30,30,30,20,20,25,25,30,30,35,35,40,20,20,25,25,30,35,40,20,25,25,30,30,35,40,20,20,20,25,25,30,35,20,25,25,30,30,35,35,40,"","","","","","","","","","","","","","",""
"","markprol1k",7,1690,79.2,"","",10,5,5,10,10,10,15,20,20,30,30,30,5,5,10,10,10,15,20,20,20,30,30,30,5,5,10,10,10,15,20,20,30,30,30,30,20,20,25,25,30,30,35,35,40,20,20,25,25,30,35,40,20,25,25,30,30,35,40,20,20,20,25,25,30,35,20,25,25,30,30,35,35,40,"","","","","","","","","","","","","","",""
"","maanaksenov",5,1248,58.5,"","",10,5,5,10,10,10,15,20,20,30,"",30,5,5,10,10,10,15,20,20,20,30,"",30,5,5,10,10,10,15,20,20,30,30,30,30,20,20,25,25,30,30,35,"",40,20,20,25,25,30,35,40,20,25,25,30,30,35,"",20,20,20,25,23,"","","","","","","","","","","","","","","","","","","","","","","","",""
"","chipchiliyka",6,1448,67.8,"","",10,5,5,10,10,10,15,20,20,30,30,30,5,5,10,10,10,15,20,20,20,30,30,30,5,5,10,10,10,15,20,20,30,30,30,30,20,20,25,25,30,30,35,35,40,20,20,25,25,30,35,40,20,25,25,30,30,35,40,20,20,20,25,23,30,35,"","","","","","","","","","","","","","","","","","","","","","",""
"","Alex2186729",6,1450,67.9,"","",10,5,5,10,10,10,15,20,20,30,30,30,5,5,10,10,10,15,20,20,20,30,30,30,5,5,10,10,10,15,20,20,30,30,30,30,20,20,25,25,30,30,35,35,40,20,20,25,25,30,35,40,20,25,25,30,30,35,40,20,20,20,25,25,30,35,"","","","","","","","","","","","","","","","","","","","","","",""
"","denis.shmelev37",6,1407,65.9,"","",10,5,5,10,10,10,15,20,20,30,30,30,5,5,10,10,10,15,20,20,20,30,30,30,5,5,10,10,10,15,20,20,30,30,30,25,20,20,25,22,30,24,35,35,40,20,20,25,25,30,35,40,20,25,25,30,24,35,29,20,20,18,25,23,24,33,"","","","","","","","","","","","","","","","","","","","","","",""
"","proterrarea",8,1707,80,"","",10,5,5,10,10,10,15,20,20,30,30,30,5,5,10,10,10,15,20,20,20,30,30,30,5,5,10,10,10,15,20,20,30,30,30,30,20,20,25,25,30,30,35,35,40,20,20,25,25,30,35,40,20,25,25,30,30,35,40,20,20,20,25,25,30,35,20,25,25,30,30,35,35,40,17,"","","","","","","","","","","","","",""
"","tasianastalovskaya",6,1450,67.9,"","",10,5,5,10,10,10,15,20,20,30,30,30,5,5,10,10,10,15,20,20,20,30,30,30,5,5,10,10,10,15,20,20,30,30,30,30,20,20,25,25,30,30,35,35,40,20,20,25,25,30,35,40,20,25,25,30,30,35,40,20,20,20,25,25,30,35,"","","","","","","","","","","","","","","","","","","","","","",""
"","Meshkovliv",6,1370,64.2,"","",10,5,5,10,10,10,15,20,20,22,17,30,5,5,10,10,10,15,20,20,20,27,20,30,5,5,10,10,10,15,20,20,30,30,30,22,20,20,25,23,30,30,35,35,40,20,20,25,14,30,35,40,20,16,22,27,27,35,40,20,20,20,25,20,30,33,"","","","","","","","","","","","","","","","","","","","","","",""
"","pyrohovlad2008",7,1671,78.3,"","",10,5,5,10,10,10,15,20,20,30,30,30,5,5,10,10,10,15,20,20,20,30,27,30,5,5,10,10,10,15,20,20,30,30,30,30,20,17,25,23,30,30,35,35,40,20,20,25,25,30,35,40,20,25,25,30,30,35,37,20,20,18,25,25,30,35,20,25,25,30,26,35,35,38,"","","","","","","","","","","","","","",""
"","nikbel26","",15,0.7,"","",10,5,"","","","","","","","","","","","","","","","","","","","","","","","","","","","","","","","","","","","","","","","","","","","","","","","","","","","","","","","","","","","","","","","","","","","","","","","","","","","","","","","","","","","","","",""
"","IvanFanfanYT",6,1446,67.7,"","",10,5,5,10,10,10,15,20,20,30,30,30,5,5,10,10,10,15,20,20,20,30,30,30,5,5,10,10,10,15,20,20,30,30,30,30,20,20,25,25,30,30,31,35,40,20,20,25,25,30,35,40,20,25,25,30,30,35,40,20,20,20,25,25,30,35,"","","","","","","","","","","","","","","","","","","","","","",""
"","carbium1",6,1450,67.9,"","",10,5,5,10,10,10,15,20,20,30,30,30,5,5,10,10,10,15,20,20,20,30,30,30,5,5,10,10,10,15,20,20,30,30,30,30,20,20,25,25,30,30,35,35,40,20,20,25,25,30,35,40,20,25,25,30,30,35,40,20,20,20,25,25,30,35,"","","","","","","","","","","","","","","","","","","","","","",""
"","michael.gnizdilov",6,1450,67.9,"","",10,5,5,10,10,10,15,20,20,30,30,30,5,5,10,10,10,15,20,20,20,30,30,30,5,5,10,10,10,15,20,20,30,30,30,30,20,20,25,25,30,30,35,35,40,20,20,25,25,30,35,40,20,25,25,30,30,35,40,20,20,20,25,25,30,35,"","","","","","","","","","","","","","","","","","","","","","",""
"","Valuableeee",6,1413,66.2,"","",10,5,5,10,10,10,15,20,20,30,30,30,5,5,10,10,10,15,20,15,20,17,11,30,5,5,10,10,10,15,20,20,30,30,30,30,20,20,25,25,30,30,35,35,40,20,20,25,25,30,35,40,20,25,25,30,30,35,40,20,20,20,25,25,30,35,"","","","","","","","","","","","","","","","","","","","","","",""
"","oleg.drokanov","",275,12.9,"","",10,5,5,10,10,10,15,20,20,30,30,30,5,5,10,10,10,"","",20,20,"","","","","","","","","","","","","","","","","","","","","","","","","","","","","","","","","","","","","","","","","","","","","","","","","","","","","","","","","","","","","","","","","","","",""
"","daobidin01",6,1315,61.6,"","",10,5,5,10,10,10,15,20,20,30,30,30,5,5,10,10,10,15,20,20,20,30,30,30,5,5,10,10,10,15,20,20,30,30,30,30,20,20,25,25,30,30,35,35,40,20,20,25,25,30,35,40,20,25,25,30,30,35,40,20,20,"","","","","","","","","","","","","","","","","","","","","","","","","","","",""
"","thetitan-008",7,1690,79.2,"","",10,5,5,10,10,10,15,20,20,30,30,30,5,5,10,10,10,15,20,20,20,30,30,30,5,5,10,10,10,15,20,20,30,30,30,30,20,20,25,25,30,30,35,35,40,20,20,25,25,30,35,40,20,25,25,30,30,35,40,20,20,20,25,25,30,35,20,25,25,30,30,35,35,40,"","","","","","","","","","","","","","",""
"","DeYanDeSasha",6,1412,66.1,"","",10,5,5,10,10,10,15,20,20,30,30,30,5,5,10,10,10,15,20,20,20,30,30,30,5,5,10,10,10,15,20,20,30,30,30,30,20,20,25,25,30,30,35,35,40,20,20,25,25,30,35,40,20,25,25,30,30,17,20,20,20,20,25,25,30,35,"","","","","","","","","","","","","","","","","","","","","","",""
"","dandy77777",2,721,33.8,"","",10,5,5,10,10,10,10,20,20,26,30,30,5,5,10,10,10,15,20,10,20,"","","",5,5,10,10,10,15,20,20,30,"","",30,16,"","","","",24,"","","","",10,"","","",17,20,10,12,12,15,13,"",18,20,20,20,25,23,"","","","","","","","","","","","","","","","","","","","","","","","",""
"","popin.ar",6,1450,67.9,"","",10,5,5,10,10,10,15,20,20,30,30,30,5,5,10,10,10,15,20,20,20,30,30,30,5,5,10,10,10,15,20,20,30,30,30,30,20,20,25,25,30,30,35,35,40,20,20,25,25,30,35,40,20,25,25,30,30,35,40,20,20,20,25,25,30,35,"","","","","","","","","","","","","","","","","","","","","","",""
"","shvets.iakov",6,1450,67.9,"","",10,5,5,10,10,10,15,20,20,30,30,30,5,5,10,10,10,15,20,20,20,30,30,30,5,5,10,10,10,15,20,20,30,30,30,30,20,20,25,25,30,30,35,35,40,20,20,25,25,30,35,40,20,25,25,30,30,35,40,20,20,20,25,25,30,35,"","","","","","","","","","","","","","","","","","","","","","",""
"","mishamalamant",6,1450,67.9,"","",10,5,5,10,10,10,15,20,20,30,30,30,5,5,10,10,10,15,20,20,20,30,30,30,5,5,10,10,10,15,20,20,30,30,30,30,20,20,25,25,30,30,35,35,40,20,20,25,25,30,35,40,20,25,25,30,30,35,40,20,20,20,25,25,30,35,"","","","","","","","","","","","","","","","","","","","","","",""
"","evmilgunov",6,1450,67.9,"","",10,5,5,10,10,10,15,20,20,30,30,30,5,5,10,10,10,15,20,20,20,30,30,30,5,5,10,10,10,15,20,20,30,30,30,30,20,20,25,25,30,30,35,35,40,20,20,25,25,30,35,40,20,25,25,30,30,35,40,20,20,20,25,25,30,35,"","","","","","","","","","","","","","","","","","","","","","",""
"","NNickk2008",5,1257,58.9,"","",10,5,5,10,10,10,15,20,20,30,30,30,5,5,10,10,10,15,20,20,16,30,"",30,5,5,10,10,10,"",20,20,30,27,30,22,20,20,24,25,30,22,13,"",40,20,20,25,25,30,35,40,13,25,22,27,27,31,37,20,16,20,25,20,30,"","","","","","","","","","","","","","","","","","","","","","","",""
"","max.erogov",6,1397,65.4,"","",10,5,5,10,10,10,15,20,20,30,30,30,5,5,10,10,10,15,20,20,20,30,20,30,5,5,10,10,10,9,20,20,30,30,30,22,20,20,24,23,30,30,35,32,40,20,20,25,25,30,35,40,20,25,25,27,27,35,37,18,20,20,23,23,30,27,"","","","","","","","","","","","","","","","","","","","","","",""
"","meelenak",6,1415,66.3,"","",10,5,5,10,10,10,15,20,20,30,30,30,5,5,10,10,10,15,20,20,20,30,30,30,5,5,10,10,10,15,20,20,30,30,30,30,20,20,25,25,30,30,35,35,40,20,20,25,25,30,35,40,20,25,25,30,30,35,40,20,20,20,25,25,30,"","","","","","","","","","","","","","","","","","","","","","","",""
"","exerator2000",6,1455,68.1,"","",10,5,5,10,10,10,15,20,20,30,30,30,5,5,10,10,10,15,20,20,20,30,30,30,5,5,10,10,10,15,20,20,30,30,30,20,20,20,25,25,30,30,35,32,40,20,20,25,25,30,35,40,20,25,25,30,30,35,40,20,20,20,25,25,30,35,18,"","","","","","","","","","","","","","","","","","","","","",""
"","Alina241008",6,1357,63.6,"","",10,5,5,10,10,10,15,20,20,30,30,30,5,5,10,10,10,15,20,20,20,30,30,30,5,5,10,10,10,15,20,20,30,30,30,30,20,20,25,25,30,24,28,28,32,20,20,25,25,30,35,40,20,25,25,15,15,35,40,20,20,20,25,25,30,"","","","","","","","","","","","","","","","","","","","","","","",""
"","wad1els",6,1438,67.4,"","",10,5,5,10,10,10,15,20,20,30,30,30,5,5,10,10,10,15,20,20,20,27,30,30,5,5,10,10,10,15,20,20,30,27,30,30,20,19,25,25,30,30,35,35,40,20,20,25,25,30,35,40,20,25,22,30,30,35,40,20,20,20,25,23,30,35,"","","","","","","","","","","","","","","","","","","","","","",""
"","arinapopova672",7,1659,77.7,"","",10,5,5,10,10,10,15,20,20,26,30,30,5,5,10,10,10,15,20,20,20,30,30,30,5,5,10,10,10,15,20,20,30,27,30,30,20,20,25,25,30,30,35,35,40,20,20,25,25,30,35,40,20,25,25,30,30,35,40,20,20,"",25,23,30,33,20,25,25,30,30,35,35,40,"","","","","","","","","","","","","","",""
"","Ligsel",6,1450,67.9,"","",10,5,5,10,10,10,15,20,20,30,30,30,5,5,10,10,10,15,20,20,20,30,30,30,5,5,10,10,10,15,20,20,30,30,30,30,20,20,25,25,30,30,35,35,40,20,20,25,25,30,35,40,20,25,25,30,30,35,40,20,20,20,25,25,30,35,"","","","","","","","","","","","","","","","","","","","","","",""
"","psn.top",6,1450,67.9,"","",10,5,5,10,10,10,15,20,20,30,30,30,5,5,10,10,10,15,20,20,20,30,30,30,5,5,10,10,10,15,20,20,30,30,30,30,20,20,25,25,30,30,35,35,40,20,20,25,25,30,35,40,20,25,25,30,30,35,40,20,20,20,25,25,30,35,"","","","","","","","","","","","","","","","","","","","","","",""
"","iaryabchenko08",6,1450,67.9,"","",10,5,5,10,10,10,15,20,20,30,30,30,5,5,10,10,10,15,20,20,20,30,30,30,5,5,10,10,10,15,20,20,30,30,30,30,20,20,25,25,30,30,35,35,40,20,20,25,25,30,35,40,20,25,25,30,30,35,40,20,20,20,25,25,30,35,"","","","","","","","","","","","","","","","","","","","","","",""
"","aynulova-dr",6,1450,67.9,"","",10,5,5,10,10,10,15,20,20,30,30,30,5,5,10,10,10,15,20,20,20,30,30,30,5,5,10,10,10,15,20,20,30,30,30,30,20,20,25,25,30,30,35,35,40,20,20,25,25,30,35,40,20,25,25,30,30,35,40,20,20,20,25,25,30,35,"","","","","","","","","","","","","","","","","","","","","","",""
"","streltsovarina",6,1411,66.1,"","",10,5,5,10,10,10,15,20,20,30,30,30,5,5,10,10,10,15,20,20,20,30,30,30,5,5,10,10,10,15,20,20,30,30,30,30,20,20,25,25,30,30,35,35,40,20,20,25,25,30,35,40,20,25,19,30,30,35,40,20,20,20,25,25,"",32,"","","","","","","","","","","","","","","","","","","","","","",""
"","leeseen17",6,1418,66.4,"","",10,5,5,10,10,10,15,20,20,30,30,30,5,5,10,10,10,15,20,20,20,30,"",30,5,5,10,10,10,15,20,20,30,30,30,30,20,20,25,25,30,30,35,35,40,20,20,25,25,30,35,40,20,25,25,30,30,35,40,20,20,20,25,23,30,35,"","","","","","","","","","","","","","","","","","","","","","",""
"","Dibirov2008",5,1226,57.4,"","",10,5,5,10,10,10,15,20,20,26,30,30,5,5,10,10,10,15,20,20,20,30,30,30,5,5,10,10,10,15,20,20,30,30,30,30,20,20,25,25,30,28,35,35,40,20,20,25,25,30,35,40,10,"","",27,"",17,20,20,20,"",25,23,"","","","","","","","","","","","","","","","","","","","","","","","",""
"","Tonkonog.27",6,1450,67.9,"","",10,5,5,10,10,10,15,20,20,30,30,30,5,5,10,10,10,15,20,20,20,30,30,30,5,5,10,10,10,15,20,20,30,30,30,30,20,20,25,25,30,30,35,35,40,20,20,25,25,30,35,40,20,25,25,30,30,35,40,20,20,20,25,25,30,35,"","","","","","","","","","","","","","","","","","","","","","",""
"","nezavulon1307209",6,1448,67.8,"","",10,5,5,10,10,10,15,20,20,30,30,30,5,5,10,10,10,15,20,20,20,30,30,30,5,5,10,10,10,15,20,20,30,30,30,30,20,20,25,25,30,30,35,35,40,20,20,25,25,30,35,40,20,25,25,30,30,35,40,20,20,20,25,23,30,35,"","","","","","","","","","","","","","","","","","","","","","",""
"","aleksandrmatveev25",6,1450,67.9,"","",10,5,5,10,10,10,15,20,20,30,30,30,5,5,10,10,10,15,20,20,20,30,30,30,5,5,10,10,10,15,20,20,30,30,30,30,20,20,25,25,30,30,35,35,40,20,20,25,25,30,35,40,20,25,25,30,30,35,40,20,20,20,25,25,30,35,"","","","","","","","","","","","","","","","","","","","","","",""
"","HOLLOW3NKIGHT",4,1036,48.5,"","",10,5,5,10,10,10,15,20,20,30,30,30,5,5,10,10,10,11,20,20,20,23,10,30,5,3,10,10,10,11,20,20,30,24,30,18,17,16,14,"","",18,"","","",20,16,25,25,30,35,40,10,12,12,11,10,13,14,20,20,20,25,23,30,"","","","","","","","","","","","","","","","","","","","","","","",""
"","solopoff.leo","",20,0.9,"","",10,5,5,"","","","","","","","","","","","","","","","","","","","","","","","","","","","","","","","","","","","","","","","","","","","","","","","","","","","","","","","","","","","","","","","","","","","","","","","","","","","","","","","","","","","","",""
"","kuraguga12",6,1305,61.1,"","",10,5,5,10,10,10,15,20,20,30,30,30,5,5,10,10,10,15,20,20,20,30,30,30,5,5,10,10,10,15,20,20,30,30,30,30,20,20,25,25,30,30,"",35,40,20,20,25,25,30,35,40,20,25,25,30,27,35,"",20,20,20,25,23,"","","","","","","","","","","","","","","","","","","","","","","","",""
"","abamir08",6,1440,67.4,"","",10,5,5,10,10,10,15,20,20,30,30,30,5,5,10,10,10,15,20,20,20,30,30,30,5,5,10,10,10,15,20,20,30,30,30,30,20,20,25,25,30,30,35,35,40,20,20,25,25,30,35,40,20,25,25,30,27,35,40,20,20,20,25,23,27,33,"","","","","","","","","","","","","","","","","","","","","","",""
"","ivanovgosman",3,943,44.2,"","",10,5,5,10,10,10,15,20,20,19,30,"",5,5,10,10,10,15,20,20,20,30,"",30,5,5,10,10,10,15,20,20,30,30,30,30,20,20,24,25,30,"","","","",20,20,25,25,30,"","",20,"",25,"",30,"","",20,20,20,25,"","","","","","","","","","","","","","","","","","","","","","","","","",""
"","nphne-pf3zb5p3",5,1213,56.8,"","",10,5,5,10,10,10,15,20,20,30,30,30,5,5,10,10,10,15,20,20,20,30,30,30,5,5,10,10,10,13,20,20,30,30,30,20,20,20,25,25,30,30,35,35,40,20,20,25,25,30,35,40,3,12,"","","","","",20,20,20,25,25,30,"","","","","","","","","","","","","","","","","","","","","","","",""
"","rinalbh",6,1450,67.9,"","",10,5,5,10,10,10,15,20,20,30,30,30,5,5,10,10,10,15,20,20,20,30,30,30,5,5,10,10,10,15,20,20,30,30,30,30,20,20,25,25,30,30,35,35,40,20,20,25,25,30,35,40,20,25,25,30,30,35,40,20,20,20,25,25,30,35,"","","","","","","","","","","","","","","","","","","","","","",""
"","ak5enenkoa",5,1196,56,"","",10,5,5,10,10,10,15,20,20,22,30,30,5,5,10,10,10,13,20,15,20,30,"",30,5,5,10,10,10,15,20,20,30,27,30,"",20,20,20,25,30,22,35,"","",20,20,25,25,30,35,32,20,22,25,25,27,27,29,17,20,20,25,23,20,"","","","","","","","","","","","","","","","","","","","","","","",""
"","alina.razhkova",6,1450,67.9,"","",10,5,5,10,10,10,15,20,20,30,30,30,5,5,10,10,10,15,20,20,20,30,30,30,5,5,10,10,10,15,20,20,30,30,30,30,20,20,25,25,30,30,35,35,40,20,20,25,25,30,35,40,20,25,25,30,30,35,40,20,20,20,25,25,30,35,"","","","","","","","","","","","","","","","","","","","","","",""
"","aantonark",6,1450,67.9,"","",10,5,5,10,10,10,15,20,20,30,30,30,5,5,10,10,10,15,20,20,20,30,30,30,5,5,10,10,10,15,20,20,30,30,30,30,20,20,25,25,30,30,35,35,40,20,20,25,25,30,35,40,20,25,25,30,30,35,40,20,20,20,25,25,30,35,"","","","","","","","","","","","","","","","","","","","","","",""
"","jaroslavkrasnoshekov",5,1257,58.9,"","",10,5,5,10,10,10,15,20,20,30,30,30,5,5,10,10,10,15,20,20,20,30,"",30,5,5,10,10,10,15,20,20,30,30,30,30,20,20,25,25,30,30,35,"",40,20,20,25,25,30,35,40,20,25,25,27,"",35,"",20,20,"",25,25,30,"","","","","","","","","","","","","","","","","","","","","","","",""
"","ekaterinaale5china",6,1355,63.5,"","",10,5,5,10,10,10,15,20,20,30,30,30,5,5,10,10,10,15,20,20,20,30,"",30,5,5,10,10,10,15,20,20,30,30,30,"",20,20,25,25,30,30,35,35,40,20,20,25,25,30,35,40,20,25,25,30,30,35,40,20,20,20,25,25,30,"","","","","","","","","","","","","","","","","","","","","","","",""
"","Danya0341",6,1445,67.7,"","",10,5,5,10,10,10,15,20,20,30,30,30,5,5,10,10,10,15,17,20,20,30,30,30,5,5,10,10,10,13,20,20,30,30,30,30,20,20,25,25,30,30,35,35,40,20,20,25,25,30,35,40,20,25,25,30,30,35,40,20,20,20,25,25,30,35,"","","","","","","","","","","","","","","","","","","","","","",""
"","ponomarev.maks583",5,1234,57.8,"","",10,5,5,10,10,10,15,20,20,30,30,30,5,5,10,10,10,15,20,20,20,30,30,30,5,5,10,10,10,15,20,20,30,27,30,30,20,20,24,25,30,30,28,28,32,20,20,25,25,30,"","",20,25,25,22,30,35,"",20,20,18,25,25,"","","","","","","","","","","","","","","","","","","","","","","","",""
"","andrewmzrkvch228",7,1690,79.2,"","",10,5,5,10,10,10,15,20,20,30,30,30,5,5,10,10,10,15,20,20,20,30,30,30,5,5,10,10,10,15,20,20,30,30,30,30,20,20,25,25,30,30,35,35,40,20,20,25,25,30,35,40,20,25,25,30,30,35,40,20,20,20,25,25,30,35,20,25,25,30,30,35,35,40,"","","","","","","","","","","","","","",""
"","alisakarpova21",6,1448,67.8,"","",10,5,5,10,10,10,15,20,20,30,30,30,5,5,10,10,10,15,20,20,20,30,30,30,5,5,10,10,10,15,20,20,30,30,30,30,20,20,25,25,30,30,35,35,40,20,20,25,25,30,35,40,20,25,25,30,30,35,40,20,20,20,25,23,30,35,"","","","","","","","","","","","","","","","","","","","","","",""
"","mnmaksiim",6,1450,67.9,"","",10,5,5,10,10,10,15,20,20,30,30,30,5,5,10,10,10,15,20,20,20,30,30,30,5,5,10,10,10,15,20,20,30,30,30,30,20,20,25,25,30,30,35,35,40,20,20,25,25,30,35,40,20,25,25,30,30,35,40,20,20,20,25,25,30,35,"","","","","","","","","","","","","","","","","","","","","","",""
"","kbabariko",5,1245,58.3,"","",10,5,5,10,10,10,15,20,20,30,30,30,5,5,10,10,10,15,20,20,20,30,30,30,5,5,10,10,10,15,20,20,30,30,30,30,20,20,25,25,30,30,35,35,40,20,20,25,25,30,35,40,"","","","","","","",20,20,20,25,25,30,35,"","","","","","","","","","","","","","","","","","","","","","",""
"","pochtovyj-yashchik",10,2135,100,"","",10,5,5,10,10,10,15,20,20,30,30,30,5,5,10,10,10,15,20,20,20,30,30,30,5,5,10,10,10,15,20,20,30,30,30,30,20,20,25,25,30,30,35,35,40,20,20,25,25,30,35,40,20,25,25,30,30,35,40,20,20,20,25,25,30,35,20,25,25,30,30,35,35,40,20,25,25,30,30,35,40,20,25,25,30,30,35,35,40
"","volovikov.dvs",3,889,41.6,"","",10,5,5,10,10,10,15,20,20,30,30,30,5,5,10,10,10,15,20,20,14,30,"",15,5,5,10,10,10,13,20,20,30,15,30,15,20,20,24,"",24,24,"","","",20,20,25,25,30,"",20,20,25,"","","","","",20,20,20,"","","","","","","","","","","","","","","","","","","","","","","","","","",""
"","katezubenko",6,1415,66.3,"","",10,5,5,10,10,10,15,20,20,30,30,30,5,5,10,10,10,15,20,20,20,30,30,30,5,5,10,10,10,15,20,20,30,30,30,30,20,20,25,25,30,30,35,35,40,20,20,25,25,30,35,40,20,25,25,30,30,35,40,20,20,20,25,25,30,"","","","","","","","","","","","","","","","","","","","","","","",""
"","tim11yunusov",6,1375,64.4,"","",10,5,5,10,10,10,15,20,20,30,30,30,5,5,10,10,10,15,20,20,20,30,30,30,5,5,10,10,10,15,20,20,30,30,30,30,20,20,25,25,30,30,35,35,40,20,20,25,25,30,35,40,20,25,25,30,30,27,40,20,20,20,25,23,"","","","","","","","","","","","","","","","","","","","","","","","",""
"","ser9eev08",6,1448,67.8,"","",10,5,5,10,10,10,15,20,20,30,30,30,5,5,10,10,10,15,20,20,20,30,30,30,5,5,10,10,10,15,20,20,30,30,30,30,20,20,25,25,30,30,35,35,40,20,20,25,25,30,35,40,20,25,25,30,30,35,40,20,20,20,25,23,30,35,"","","","","","","","","","","","","","","","","","","","","","",""
"","sash.povarov","",191,8.9,"","",10,5,5,10,10,10,15,20,20,26,30,30,"","","","","","","","","","","","","","","","","","","","","","","","","","","","","","","","","","","","","","","","","","","","","","","","","","","","","","","","","","","","","","","","","","","","","","","","","","","","",""
"","kuchun.dima2008",6,1446,67.7,"","",10,5,5,10,10,10,15,20,20,30,30,30,5,5,10,10,10,15,20,20,20,30,30,30,5,5,10,10,10,15,20,20,30,30,30,30,20,20,24,25,30,30,35,32,40,20,20,25,25,30,35,40,20,25,25,30,30,35,40,20,20,20,25,25,30,35,"","","","","","","","","","","","","","","","","","","","","","",""
"","fristbox","",10,0.5,"","",10,"","","","","","","","","","","","","","","","","","","","","","","","","","","","","","","","","","","","","","","","","","","","","","","","","","","","","","","","","","","","","","","","","","","","","","","","","","","","","","","","","","","","","","","",""
"","olga2008goryunova",7,1690,79.2,"","",10,5,5,10,10,10,15,20,20,30,30,30,5,5,10,10,10,15,20,20,20,30,30,30,5,5,10,10,10,15,20,20,30,30,30,30,20,20,25,25,30,30,35,35,40,20,20,25,25,30,35,40,20,25,25,30,30,35,40,20,20,20,25,25,30,35,20,25,25,30,30,35,35,40,"","","","","","","","","","","","","","",""
"","maksatdzhusupbaev",6,1435,67.2,"","",10,5,5,10,10,10,15,20,20,30,30,30,5,5,10,10,10,15,20,20,20,30,30,30,5,5,10,10,10,15,20,20,30,30,30,30,20,20,25,25,30,30,35,35,40,20,20,25,25,30,35,40,20,25,25,30,30,35,40,20,20,20,25,25,15,35,"","","","","","","","","","","","","","","","","","","","","","",""
"","kuchkovskiyvd","",10,0.5,"","",10,"","","","","","","","","","","","","","","","","","","","","","","","","","","","","","","","","","","","","","","","","","","","","","","","","","","","","","","","","","","","","","","","","","","","","","","","","","","","","","","","","","","","","","","",""
"","ov.svetlana0",6,1357,63.6,"","",10,5,5,10,10,10,15,20,20,30,30,30,5,5,10,10,10,15,20,20,20,30,30,30,5,5,10,10,10,15,20,20,30,30,30,30,20,20,25,25,30,30,35,35,40,20,20,25,25,30,35,40,20,22,25,30,30,35,40,20,20,20,25,"","","","","","","","","","","","","","","","","","","","","","","","","",""
"","leonovichAleksandra",4,1145,53.6,"","",10,5,5,10,10,10,15,20,20,30,30,30,5,5,10,10,10,15,20,20,20,30,30,30,5,5,10,10,10,15,20,20,30,30,30,30,20,20,25,"","","","","","",20,20,25,25,30,35,40,20,25,25,30,30,35,"",20,20,10,25,"",30,"","","","","","","","","","","","","","","","","","","","","","","",""
"","Meshok0kostei",6,1450,67.9,"","",10,5,5,10,10,10,15,20,20,30,30,30,5,5,10,10,10,15,20,20,20,30,30,30,5,5,10,10,10,15,20,20,30,30,30,30,20,20,25,25,30,30,35,35,40,20,20,25,25,30,35,40,20,25,25,30,30,35,40,20,20,20,25,25,30,35,"","","","","","","","","","","","","","","","","","","","","","",""
"","lostinspot1",6,1316,61.6,"","",10,5,5,10,10,10,15,20,20,30,30,30,5,5,10,10,10,15,20,20,20,30,15,30,5,5,10,10,10,15,20,20,30,30,30,30,20,20,25,25,30,24,35,28,32,20,20,25,25,30,35,40,20,25,25,15,15,17,20,20,20,20,25,25,"",35,"","","","","","","","","","","","","","","","","","","","","","",""
"","i.d.kozlovtsev",4,1139,53.3,"","",10,5,5,10,10,10,15,20,20,30,30,30,5,5,10,10,10,15,17,18,20,27,"","",5,5,10,10,10,15,20,20,30,30,"","",20,20,24,22,30,30,35,35,40,20,20,25,25,30,35,40,16,"",25,30,30,35,"",20,20,"",25,"","","","","","","","","","","","","","","","","","","","","","","","","",""
"","vershokvladimir",6,1450,67.9,"","",10,5,5,10,10,10,15,20,20,30,30,30,5,5,10,10,10,15,20,20,20,30,30,30,5,5,10,10,10,15,20,20,30,30,30,30,20,20,25,25,30,30,35,35,40,20,20,25,25,30,35,40,20,25,25,30,30,35,40,20,20,20,25,25,30,35,"","","","","","","","","","","","","","","","","","","","","","",""
"","gasratmusaeff",6,1426,66.8,"","",10,5,5,10,10,10,15,20,20,30,30,30,5,5,10,10,10,15,20,20,16,30,30,30,5,5,10,10,10,15,20,20,30,30,30,22,20,20,24,23,30,30,35,35,40,20,20,25,25,30,35,40,20,22,25,27,27,35,40,20,20,20,25,25,30,35,"","","","","","","","","","","","","","","","","","","","","","",""
"","sh.bych13",6,1285,60.2,"","",10,5,5,10,10,10,15,20,20,30,30,30,5,5,10,10,10,15,20,20,20,30,30,30,5,5,10,10,10,15,20,20,30,30,30,30,20,20,25,25,30,30,"","",40,20,20,25,"","",35,40,20,25,25,30,30,35,20,20,20,20,25,23,30,17,"","","","","","","","","","","","","","","","","","","","","","",""
"","alexander.sopolev",1,460,21.5,"","",10,5,5,10,10,10,15,20,20,30,30,30,5,5,10,10,10,15,20,20,20,30,30,30,"","","","","","","","","","","","",20,"","","","","","","","","","","","","","","","","","","","","","","","","","",25,15,"","","","","","","","","","","","","","","","","","","","","","","",""
"","ilia.nikulin2018",4,979,45.9,"","",10,5,5,10,10,10,15,20,20,30,30,30,5,5,10,10,10,15,17,15,20,30,30,30,5,5,10,10,10,13,20,20,30,30,30,30,18,20,25,25,30,30,35,35,40,10,10,12,12,15,17,20,"","","","","","","",20,"","","","","","","","","","","","","","","","","","","","","","","","","","","","",""
"","pankova.m.g","",25,1.2,"","",10,"","","","",10,"","","","","","","","","","","","","","","","","","","",5,"","","","","","","","","","","","","","","","","","","","","","","","","","","","","","","","","","","","","","","","","","","","","","","","","","","","","","","","","","","","","","",""
"","fidirkovsevolod",6,1395,65.3,"","",10,5,5,10,10,10,15,20,20,30,30,30,5,5,10,10,10,15,20,18,20,27,30,30,5,5,10,10,10,15,20,20,30,30,30,25,20,20,21,25,30,24,26,33,40,20,20,25,25,30,35,40,20,25,25,27,27,35,37,17,19,18,23,23,27,33,"","","","","","","","","","","","","","","","","","","","","","",""
"","Misha27022006",5,1275,59.7,"","",10,5,5,10,10,10,15,20,20,30,30,30,5,5,10,10,10,15,20,20,20,30,30,30,5,5,10,10,10,15,20,20,30,30,30,30,20,20,25,25,30,30,35,35,40,20,20,25,25,30,35,40,20,25,25,30,30,35,40,"","","","","","","","","","","","","","","","","","","","","","","","","","","","","",""
"","arsendilakyan",5,1266,59.3,"","",10,5,5,10,10,10,15,20,20,30,30,30,5,5,10,10,10,15,20,20,20,30,30,30,5,5,10,10,10,13,20,20,30,30,30,"",20,20,25,20,30,30,35,"",40,20,20,25,25,30,35,40,16,25,25,25,30,17,20,20,20,20,25,25,"","","","","","","","","","","","","","","","","","","","","","","","",""
"","svetulyatilkieva",5,1269,59.4,"","",10,5,5,10,10,10,15,20,20,30,30,30,5,5,10,10,10,15,20,20,20,30,30,30,5,5,10,10,10,15,20,20,30,30,30,30,20,20,25,25,30,30,35,35,40,20,20,25,25,30,17,20,20,25,25,"","","","",20,20,20,25,25,30,27,"","","","","","","","","","","","","","","","","","","","","","",""
"","oldsya",6,1421,66.6,"","",10,5,5,10,10,10,15,20,20,30,30,30,5,5,10,10,10,15,20,20,20,30,20,30,5,5,10,10,10,15,20,20,30,30,30,30,20,20,25,25,30,30,35,35,40,20,20,25,25,30,35,40,20,12,25,30,27,35,40,20,20,20,25,25,27,35,"","","","","","","","","","","","","","","","","","","","","","",""
"","gavriluka62@gmail.com",7,1580,74,"","",10,5,5,10,10,10,15,20,20,30,30,30,5,5,10,10,10,15,20,20,20,30,30,30,5,5,10,10,10,15,20,20,30,30,30,30,20,20,25,25,30,30,35,35,40,20,20,25,25,30,35,40,20,25,25,30,30,35,40,20,20,20,25,25,30,35,20,25,25,30,30,"","","","","","","","","","","","","","","","","",""
"","disirakanyan",6,1398,65.5,"","",10,5,5,10,10,10,15,20,20,30,30,30,5,5,10,10,10,15,20,20,20,30,30,30,5,5,10,10,10,15,20,20,30,15,15,15,20,20,24,25,30,30,35,35,40,20,20,25,25,30,35,40,20,25,25,30,27,35,37,20,20,20,25,25,30,35,"","","","","","","","","","","","","","","","","","","","","","",""
"","davletovsasha",6,1441,67.5,"","",10,5,5,10,10,10,15,20,20,30,30,30,5,5,10,10,10,15,20,20,20,30,30,30,5,5,10,10,10,15,20,20,30,30,30,30,20,20,24,25,30,30,35,35,40,20,20,25,25,30,35,40,20,25,25,27,27,35,40,20,20,20,25,23,30,35,"","","","","","","","","","","","","","","","","","","","","","",""
"","shcherbakovivans",6,1450,67.9,"","",10,5,5,10,10,10,15,20,20,30,30,30,5,5,10,10,10,15,20,20,20,30,30,30,5,5,10,10,10,15,20,20,30,30,30,30,20,20,25,25,30,30,35,35,40,20,20,25,25,30,35,40,20,25,25,30,30,35,40,20,20,20,25,25,30,35,"","","","","","","","","","","","","","","","","","","","","","",""
"","matvar2345",2,615,28.8,"","",10,5,5,10,10,10,15,20,20,30,30,30,5,5,10,10,10,15,20,20,20,30,30,30,5,5,10,10,10,15,20,20,30,30,30,30,"","","","","","","","","","","","","","","","","","","","","","","","","","","","","","","","","","","","","","","","","","","","","","","","","","","","",""
"","IlyaD0028",6,1304,61.1,"","",10,5,5,10,10,10,15,20,20,30,30,30,5,5,10,10,10,15,20,20,20,30,"",30,5,5,10,10,10,15,20,20,30,30,30,"",20,20,25,25,30,30,35,35,40,20,20,25,25,30,35,40,20,12,25,30,30,17,20,20,20,20,25,25,30,"","","","","","","","","","","","","","","","","","","","","","","",""
"","v.y.petrukhin","",15,0.7,"","",10,5,"","","","","","","","","","","","","","","","","","","","","","","","","","","","","","","","","","","","","","","","","","","","","","","","","","","","","","","","","","","","","","","","","","","","","","","","","","","","","","","","","","","","","","",""
"","ZaharKravchenko314",6,1341,62.8,"","",10,5,5,10,10,10,15,20,20,30,30,30,5,5,10,10,10,15,20,20,20,30,30,30,5,5,10,10,10,15,20,20,30,30,30,30,20,20,20,20,24,30,28,28,40,20,20,25,25,30,35,40,20,25,25,30,30,35,40,20,20,20,25,11,"","","","","","","","","","","","","","","","","","","","","","","","",""
"","salihov.colya",4,1077,50.4,"","",10,5,5,10,10,10,15,20,20,30,30,30,5,5,10,10,10,15,20,20,20,30,30,30,5,5,10,10,10,15,20,20,30,30,30,25,20,20,25,25,30,24,"","","",20,20,25,25,30,35,20,10,"","","","","","",20,20,20,25,23,30,"","","","","","","","","","","","","","","","","","","","","","","",""
"","dnaclass","",146,6.8,"","","",5,5,10,10,10,12,20,20,"",30,24,"","","","","","","","","","","","","","","","","","","","","","","","","","","","","","","","","","","","","","","","","","","","","","","","","","","","","","","","","","","","","","","","","","","","","","","","","","","","",""
"","bekhruzakramov",4,1095,51.3,"","",10,5,5,10,10,10,15,20,20,30,30,30,5,5,10,10,10,15,10,20,20,30,15,15,5,5,10,10,10,15,20,20,30,30,30,30,20,20,25,25,30,30,35,35,40,20,20,25,25,30,35,40,"","","","","","","",20,20,"",25,"","","","","","","","","","","","","","","","","","","","","","","","","",""
"","sozzxq",4,1142,53.5,"","",10,5,5,10,10,10,15,20,20,30,"",30,5,5,10,10,10,15,20,20,20,15,"","",5,5,10,10,10,15,20,20,30,30,15,"",20,20,25,25,30,30,35,"",40,20,20,25,25,30,35,40,20,25,25,30,30,17,"",20,20,20,25,25,"","","","","","","","","","","","","","","","","","","","","","","","",""
"","kirill.m.vasin",6,1350,63.2,"","",10,5,5,10,10,10,15,20,20,30,30,30,5,5,10,10,10,15,20,20,20,30,"",30,5,5,10,10,10,15,20,20,30,30,30,"",20,20,25,25,30,30,35,35,40,20,20,25,25,30,35,40,20,25,25,25,30,35,40,20,20,20,25,25,30,"","","","","","","","","","","","","","","","","","","","","","","",""
"","danilizatorsuhinin",6,1398,65.5,"","",10,5,5,10,10,10,15,20,20,30,30,30,5,5,10,10,10,15,20,20,20,30,20,30,4,5,10,10,10,15,20,20,30,30,30,30,20,19,25,25,30,30,35,35,40,20,20,25,25,30,35,40,20,25,25,30,27,35,40,20,20,20,25,23,30,"","","","","","","","","","","","","","","","","","","","","","","",""
"","shurygin.egor2009",7,1690,79.2,"","",10,5,5,10,10,10,15,20,20,30,30,30,5,5,10,10,10,15,20,20,20,30,30,30,5,5,10,10,10,15,20,20,30,30,30,30,20,20,25,25,30,30,35,35,40,20,20,25,25,30,35,40,20,25,25,30,30,35,40,20,20,20,25,25,30,35,20,25,25,30,30,35,35,40,"","","","","","","","","","","","","","",""
"","asv077voronov",4,1054,49.4,"","",10,5,5,10,10,10,15,20,20,30,30,"",5,5,10,8,10,15,20,20,20,30,"","",5,3,10,10,10,15,20,20,30,"","","",18,20,24,20,30,30,"","",40,20,20,25,25,30,"",20,20,16,25,30,27,35,40,20,20,20,25,23,"","","","","","","","","","","","","","","","","","","","","","","","",""
"","makarikiryanov",6,1408,65.9,"","",10,5,5,10,10,10,15,20,20,22,30,30,5,5,10,10,10,15,20,20,20,30,"",30,5,5,10,10,10,15,20,20,30,30,30,30,18,20,25,25,30,30,35,35,40,20,20,25,25,30,35,40,20,25,25,30,30,35,40,20,20,20,25,23,30,35,"","","","","","","","","","","","","","","","","","","","","","",""
"","DukeOfTime",6,1371,64.2,"","",10,5,5,10,10,10,15,20,20,30,30,30,5,5,10,10,10,15,20,20,20,30,30,30,5,5,10,10,10,15,20,20,30,30,30,30,20,20,21,22,24,30,"",28,32,20,20,25,25,30,35,40,20,25,22,22,30,35,40,20,20,18,25,25,27,35,"","","","","","","","","","","","","","","","","","","","","","",""
"","troitskiii",6,1360,63.7,"","",10,5,5,10,10,10,15,20,20,30,30,30,5,5,10,10,10,15,20,20,20,30,30,30,5,5,10,10,10,15,20,20,30,30,30,30,20,20,25,25,30,30,35,35,40,20,20,25,25,30,35,40,20,25,25,30,30,35,40,20,20,20,25,"","","","","","","","","","","","","","","","","","","","","","","","","",""
"","grishchenkops-2",5,1183,55.4,"","",10,5,5,10,10,10,15,20,20,30,30,30,5,5,10,10,10,15,20,20,20,30,30,30,5,5,10,10,10,15,20,20,30,30,30,30,20,20,25,25,30,30,"","",40,20,20,25,25,30,35,40,16,25,25,30,27,"",20,20,20,"","","","","","","","","","","","","","","","","","","","","","","","","","","",""
"","IshmaelBahamut",5,1275,59.7,"","",10,5,5,10,10,10,15,20,20,30,30,30,5,5,10,10,10,15,20,20,20,30,30,30,5,5,10,10,10,15,20,20,30,30,30,30,20,20,25,25,30,30,35,35,40,20,20,25,25,30,35,40,20,25,25,30,30,35,40,"","","","","","","","","","","","","","","","","","","","","","","","","","","","","",""
"","nphne-aa-aa-ccwnbqox",6,1326,62.1,"","",10,5,5,10,10,10,15,20,20,30,30,30,5,5,10,10,10,15,17,20,20,27,30,30,5,5,10,10,10,11,20,20,30,30,30,30,20,20,25,25,30,30,35,35,40,20,20,25,25,30,35,40,20,22,25,11,15,"","",20,20,20,25,23,30,35,"","","","","","","","","","","","","","","","","","","","","","",""
"","sergeev.clad79",3,936,43.8,"","",10,5,5,10,10,10,15,20,20,30,30,30,5,5,5,10,10,7,10,4,10,15,15,"",5,5,10,10,10,13,20,20,30,30,"","",20,20,"",25,30,30,28,"",32,20,20,25,"",30,35,40,20,"","","","","","",20,20,"",25,25,27,"","","","","","","","","","","","","","","","","","","","","","","",""
"","amiliyaalyakina",6,1341,62.8,"","",10,5,5,10,10,10,15,20,20,30,30,30,5,5,10,10,10,15,20,20,20,30,30,30,5,5,10,10,10,15,20,20,30,30,30,28,20,20,25,25,30,30,35,35,40,20,20,25,25,30,35,40,20,25,25,30,30,35,"",20,20,20,25,23,"","","","","","","","","","","","","","","","","","","","","","","","",""
"","marussia.grigoreva",6,1377,64.5,"","",10,5,5,10,10,10,15,20,20,30,30,30,5,5,10,10,10,15,20,20,20,30,30,30,5,5,10,10,10,15,20,20,30,30,30,30,20,20,25,25,30,30,35,35,40,20,20,25,25,30,35,40,20,25,25,30,27,35,40,20,20,20,25,20,"","","","","","","","","","","","","","","","","","","","","","","","",""
"","nphne-4deyofb5",4,1134,53.1,"","",10,5,5,10,10,10,15,20,20,30,30,30,5,5,10,10,10,15,20,20,20,30,30,30,5,5,10,10,10,15,20,20,30,30,30,20,20,19,25,25,30,30,35,"","",20,20,25,25,30,35,40,10,"","","","","","",20,20,20,25,25,30,"","","","","","","","","","","","","","","","","","","","","","","",""
"","klementyevvladislav",6,1313,61.5,"","",10,5,5,10,10,10,15,20,20,30,30,30,5,5,10,10,10,15,20,20,20,30,"",30,5,5,10,10,10,15,20,20,30,30,30,30,20,20,25,25,30,30,"","",40,20,20,25,25,30,35,40,20,25,25,30,30,35,40,20,20,18,25,25,30,"","","","","","","","","","","","","","","","","","","","","","","",""
"","ivansepiashvili",6,1313,61.5,"","",10,5,5,10,10,10,15,20,20,30,30,30,5,5,10,10,10,15,20,20,20,30,"",30,5,5,10,10,10,15,20,20,30,30,30,30,20,20,25,25,30,30,"",35,40,20,20,25,25,30,35,40,20,25,25,30,30,"",40,20,20,20,25,23,30,"","","","","","","","","","","","","","","","","","","","","","","",""
"","ksenialahnova",6,1430,67,"","",10,5,5,10,10,10,15,20,20,30,30,30,5,5,10,10,10,15,20,20,20,30,30,30,5,5,10,10,10,13,20,20,30,30,30,30,20,20,24,25,30,30,31,35,40,20,20,25,25,30,35,40,20,25,25,30,30,35,37,20,20,18,25,23,30,29,"","","","","","","","","","","","","","","","","","","","","","",""
"","adsda627",4,991,46.4,"","",10,5,5,10,10,10,15,20,20,30,30,30,5,4,10,10,10,15,20,20,20,27,30,30,5,5,10,10,10,15,20,20,30,30,30,30,20,20,25,25,30,"","","","",20,20,25,25,30,35,20,"","","","","","","",20,20,20,25,"","","","","","","","","","","","","","","","","","","","","","","","","",""
"","sizova.nika08mail.ru",6,1450,67.9,"","",10,5,5,10,10,10,15,20,20,30,30,30,5,5,10,10,10,15,20,20,20,30,30,30,5,5,10,10,10,15,20,20,30,30,30,30,20,20,25,25,30,30,35,35,40,20,20,25,25,30,35,40,20,25,25,30,30,35,40,20,20,20,25,25,30,35,"","","","","","","","","","","","","","","","","","","","","","",""
"","Minhchau171108",6,1436,67.3,"","",10,5,5,10,10,10,15,20,20,30,30,30,5,5,10,10,10,15,20,20,20,30,30,30,5,5,10,10,10,15,20,20,30,30,30,30,20,20,25,25,30,30,28,28,40,20,20,25,25,30,35,40,20,25,25,30,30,35,40,20,20,20,25,25,30,35,"","","","","","","","","","","","","","","","","","","","","","",""
"","erorokr",5,1252,58.6,"","",10,5,5,10,10,10,15,20,20,30,30,30,5,5,10,10,10,15,20,18,17,30,30,30,5,5,10,10,10,15,20,20,30,30,30,30,20,18,25,25,30,30,35,35,40,20,20,25,25,30,35,40,7,25,"","","","","",17,20,20,25,23,27,25,"","","","","","","","","","","","","","","","","","","","","","",""
"","tibilova08a",3,854,40,"","",10,5,5,10,10,10,15,20,20,30,30,30,5,5,10,10,10,15,20,20,20,30,"","",5,5,10,10,10,13,20,20,30,"","","",20,20,24,25,30,"","","","",20,20,25,25,30,"","","","",25,"","","",37,20,20,"",25,25,"","","","","","","","","","","","","","","","","","","","","","","","",""
"","anya.tashkeeva",7,1494,70,"","",10,5,5,10,10,10,15,20,20,26,30,30,5,5,10,10,10,15,20,20,20,27,20,30,5,5,10,10,10,15,20,20,30,30,25,20,20,20,25,25,30,30,35,35,40,20,20,25,25,30,35,40,20,22,22,27,27,35,37,20,20,18,23,20,30,35,20,25,25,30,"","","","","","","","","","","","","","","","","","",""
"","khabib0507",3,925,43.3,"","",10,5,5,10,10,10,15,20,20,30,30,30,5,5,10,10,10,15,20,20,20,30,30,30,5,5,10,10,10,15,20,20,30,30,"","",20,20,25,25,24,"","","","",20,20,25,14,"",17,"",20,25,25,"","","","",20,20,"",25,25,"","","","","","","","","","","","","","","","","","","","","","","","",""
"","AKA-44447777",6,1450,67.9,"","",10,5,5,10,10,10,15,20,20,30,30,30,5,5,10,10,10,15,20,20,20,30,30,30,5,5,10,10,10,15,20,20,30,30,30,30,20,20,25,25,30,30,35,35,40,20,20,25,25,30,35,40,20,25,25,30,30,35,40,20,20,20,25,25,30,35,"","","","","","","","","","","","","","","","","","","","","","",""
"","jfvdh",7,1690,79.2,"","",10,5,5,10,10,10,15,20,20,30,30,30,5,5,10,10,10,15,20,20,20,30,30,30,5,5,10,10,10,15,20,20,30,30,30,30,20,20,25,25,30,30,35,35,40,20,20,25,25,30,35,40,20,25,25,30,30,35,40,20,20,20,25,25,30,35,20,25,25,30,30,35,35,40,"","","","","","","","","","","","","","",""
"","dsrteltsova",6,1388,65,"","",10,5,5,10,10,10,15,20,20,30,30,30,5,5,10,10,10,15,20,20,20,30,17,30,5,5,10,10,10,15,20,20,30,30,30,22,18,20,24,25,30,24,35,35,31,20,20,25,25,30,35,40,20,16,19,30,27,35,40,20,20,20,25,23,30,32,"","","","","","","","","","","","","","","","","","","","","","",""
"","Soleh08",6,1280,60,"","",10,5,5,10,10,10,15,20,20,30,30,30,5,5,10,10,10,15,20,20,20,30,30,30,5,5,10,10,10,15,20,20,30,30,30,30,20,20,"",25,30,30,"","","",20,20,25,25,30,35,40,20,25,25,30,30,35,40,20,20,20,25,25,30,"","","","","","","","","","","","","","","","","","","","","","","",""
"","veronikakornopaltseva",3,786,36.8,"","",10,5,5,10,10,10,15,20,20,30,30,30,5,5,10,10,10,15,11,20,20,15,15,15,5,5,8,10,10,15,20,20,"","","","",20,17,25,25,30,30,"","","",20,20,25,25,15,"","","","","","","","","",20,20,"",25,"",30,"","","","","","","","","","","","","","","","","","","","","","","",""
"","ivkesrb",5,1275,59.7,"","",10,5,5,10,10,10,15,20,20,30,30,30,5,5,10,10,10,15,20,20,20,30,30,30,5,5,10,10,10,15,20,20,30,30,30,30,20,20,25,25,30,"","","","",20,20,25,25,30,"",40,20,25,25,30,30,35,40,20,20,20,25,25,30,35,"","","","","","","","","","","","","","","","","","","","","","",""
"","YanchenkoValley",6,1427,66.8,"","",10,5,5,10,10,10,15,20,20,30,30,30,5,5,10,10,10,15,20,18,20,30,30,30,5,5,10,10,10,15,20,20,30,30,30,30,20,20,25,25,30,30,35,35,40,20,20,25,25,30,35,40,20,16,25,30,30,31,40,20,20,20,25,23,30,29,"","","","","","","","","","","","","","","","","","","","","","",""
"","m4sklevel",6,1450,67.9,"","",10,5,5,10,10,10,15,20,20,30,30,30,5,5,10,10,10,15,20,20,20,30,30,30,5,5,10,10,10,15,20,20,30,30,30,30,20,20,25,25,30,30,35,35,40,20,20,25,25,30,35,40,20,25,25,30,30,35,40,20,20,20,25,25,30,35,"","","","","","","","","","","","","","","","","","","","","","",""
"","QQIIff",4,1146,53.7,"","",10,5,5,10,10,10,15,20,20,30,17,30,5,5,10,10,10,15,17,20,20,30,"",30,5,5,10,10,10,11,20,20,30,30,30,"",20,20,24,25,30,30,"","","",20,20,25,25,30,17,20,20,25,25,30,30,15,20,20,20,20,25,25,30,"","","","","","","","","","","","","","","","","","","","","","","",""
"","daniyar140808@bk.ru",6,1433,67.1,"","","",5,5,10,10,10,15,20,20,30,30,30,5,5,10,10,10,15,20,20,20,30,30,30,5,5,10,10,10,15,20,20,30,30,30,30,20,20,25,25,30,30,35,33,40,20,20,25,25,30,35,40,20,25,25,30,30,35,37,20,20,20,25,23,30,35,"","","","","","","","","","","","","","","","","","","","","","",""
"","perezhmix",6,1447,67.8,"","",10,5,5,10,10,10,15,20,20,30,30,30,5,5,10,10,10,15,20,20,20,30,30,30,5,5,10,10,10,15,20,20,30,30,30,30,20,20,24,25,28,30,35,35,40,20,20,25,25,30,35,40,20,25,25,30,30,35,40,20,20,20,25,25,30,35,"","","","","","","","","","","","","","","","","","","","","","",""
"","nphne-zflp5w2e",2,712,33.3,"","",10,5,5,10,10,10,15,20,20,30,30,30,5,5,10,10,10,15,20,20,20,30,30,30,5,5,10,10,10,15,20,20,30,30,30,7,20,20,25,25,30,"","","","","","","","","","","","","","","","","","","","","","","","","","","","","","","","","","","","","","","","","","","","","","","",""
"","press@ano-nart.ru",5,1222,57.2,"","",10,5,5,10,10,10,15,20,20,30,30,30,5,5,10,10,10,15,20,20,20,30,30,30,5,5,10,10,10,15,20,20,30,30,30,30,20,20,22,25,30,30,35,35,40,"",20,25,25,30,35,40,"","","","","","","",20,20,20,25,25,30,35,"","","","","","","","","","","","","","","","","","","","","","",""
"","arukhovm",1,478,22.4,"","",10,5,5,10,10,10,15,20,20,30,"",30,5,5,10,10,10,15,20,20,20,"","","",5,5,10,10,10,15,20,20,"","","","",16,16,19,20,"","","","","",10,10,12,"","","","","","","","","","","","","","","","","","","","","","","","","","","","","","","","","","","","","","","","",""
"","borkovaalin",5,1190,55.7,"","",10,5,5,10,10,10,15,20,20,30,30,30,5,5,10,8,10,15,20,20,20,30,"",30,5,5,10,10,10,13,20,20,30,30,30,"",20,20,25,25,30,"","","","",20,20,25,25,30,35,40,16,25,22,27,24,35,37,20,20,20,25,23,30,"","","","","","","","","","","","","","","","","","","","","","","",""
"","Marslix76",6,1436,67.3,"","",10,5,5,10,10,10,15,20,20,30,30,30,5,5,10,10,10,15,20,20,20,30,30,30,5,5,10,10,10,15,20,20,30,30,30,30,20,20,24,25,30,30,35,35,40,20,20,25,25,30,35,40,20,25,25,27,24,35,40,20,20,20,23,23,30,35,"","","","","","","","","","","","","","","","","","","","","","",""
"","CaptainLevi2008",6,1422,66.6,"","",10,5,5,10,10,10,15,20,20,30,30,30,5,5,10,10,10,15,20,20,20,30,30,30,5,5,10,10,10,15,20,20,30,30,30,30,20,20,25,25,30,24,28,28,32,20,20,25,25,30,35,40,20,25,25,30,30,35,40,20,20,20,25,25,30,35,"","","","","","","","","","","","","","","","","","","","","","",""
"","ermilova.pa",5,1188,55.6,"","",10,5,5,10,10,10,15,20,20,30,30,30,5,5,10,10,10,15,20,20,20,27,20,30,5,5,10,10,10,15,20,20,30,30,30,30,20,20,20,23,"","","","","",20,20,25,25,30,35,40,20,25,25,30,30,35,18,20,20,20,25,25,15,"","","","","","","","","","","","","","","","","","","","","","","",""
"","alana.pliev4",6,1313,61.5,"","",10,5,5,10,10,10,15,20,20,30,30,30,5,5,10,10,10,15,17,20,20,30,"",30,5,5,10,10,10,15,20,20,30,30,30,30,20,20,25,25,24,24,28,"",32,20,20,25,25,30,35,40,18,25,25,25,30,35,40,20,20,20,25,25,30,"","","","","","","","","","","","","","","","","","","","","","","",""
"","alinhovoin",2,617,28.9,"","",5,5,5,10,10,10,15,20,20,30,30,30,5,5,10,10,10,15,20,20,20,30,"",30,2,1,5,5,5,7,10,10,10,"","","","","","","","","","","","",20,20,25,25,30,17,"","","","","","","","",20,20,20,"","","","","","","","","","","","","","","","","","","","","","","","","","",""
"","ksenia@chikin.ru",6,1376,64.4,"","",10,5,5,10,10,10,15,20,20,30,30,30,5,5,10,10,10,15,20,20,20,30,30,30,5,5,10,10,10,15,20,20,30,30,30,22,20,20,22,20,30,30,35,35,40,20,20,25,25,30,35,40,20,25,25,30,30,35,40,20,20,"",25,23,"",29,"","","","","","","","","","","","","","","","","","","","","","",""
"","panasancho",6,1367,64,"","",10,5,5,10,10,10,15,20,20,30,30,30,5,5,10,10,10,15,20,18,20,30,30,30,5,5,10,10,10,7,16,20,30,27,30,6,20,20,24,25,30,30,35,35,40,20,16,25,25,30,35,40,20,25,22,30,30,35,40,20,20,20,25,"",21,35,"","","","","","","","","","","","","","","","","","","","","","",""
"","ammailo",6,1296,60.7,"","",10,5,5,10,10,10,15,20,20,26,30,30,5,5,10,10,10,15,20,15,16,30,30,30,5,3,10,10,10,11,20,20,30,27,30,30,20,17,21,22,30,22,35,35,40,20,20,25,11,30,35,40,20,"",25,30,30,35,"",20,20,20,25,25,30,"","","","","","","","","","","","","","","","","","","","","","","",""
"","hariksherbakov",6,1450,67.9,"","",10,5,5,10,10,10,15,20,20,30,30,30,5,5,10,10,10,15,20,20,20,30,30,30,5,5,10,10,10,15,20,20,30,30,30,30,20,20,25,25,30,30,35,35,40,20,20,25,25,30,35,40,20,25,25,30,30,35,40,20,20,20,25,25,30,35,"","","","","","","","","","","","","","","","","","","","","","",""
"","frolowprohor",4,1070,50.1,"","",5,5,5,10,10,10,15,20,20,30,30,30,5,5,10,10,10,15,20,20,20,30,"",30,5,5,10,10,10,15,20,10,30,15,30,15,20,20,24,25,30,"","","",40,"","","","","","","",20,16,25,30,30,35,40,20,20,20,25,25,30,35,"","","","","","","","","","","","","","","","","","","","","","",""
"","mityalukich",6,1295,60.7,"","",10,5,5,10,10,10,15,20,20,30,30,30,5,5,10,10,10,15,20,20,20,30,27,30,5,5,10,10,10,15,20,20,30,30,30,22,20,18,21,25,30,30,"","",40,20,20,25,25,30,35,40,20,25,25,30,27,35,40,20,20,20,25,25,"","","","","","","","","","","","","","","","","","","","","","","","",""
"","arino4la",6,1450,67.9,"","",10,5,5,10,10,10,15,20,20,30,30,30,5,5,10,10,10,15,20,20,20,30,30,30,5,5,10,10,10,15,20,20,30,30,30,30,20,20,25,25,30,30,35,35,40,20,20,25,25,30,35,40,20,25,25,30,30,35,40,20,20,20,25,25,30,35,"","","","","","","","","","","","","","","","","","","","","","",""
"","nphne-aa-aa-u63j32z3",4,1016,47.6,"","",10,5,5,10,10,10,15,20,20,30,30,30,5,5,10,10,10,15,20,18,20,30,30,30,5,5,10,10,10,15,20,20,30,30,30,30,16,16,20,20,24,24,28,28,32,20,20,25,25,30,35,40,"","","","","","","","","","","","","","","","","","","","","","","","","","","","","","","","","","","","",""
"","Iliamp0208",5,1232,57.7,"","",10,5,5,10,10,10,15,20,20,30,30,30,2,5,10,10,10,15,20,20,20,30,30,30,5,5,10,10,10,15,10,20,30,30,30,30,20,20,25,25,30,"",35,35,40,20,20,25,25,30,35,40,20,25,25,30,30,35,40,"","","","","","","","","","","","","","","","","","","","","","","","","","","","","",""
"","Ch0p1k3","",10,0.5,"","",10,"","","","","","","","","","","","","","","","","","","","","","","","","","","","","","","","","","","","","","","","","","","","","","","","","","","","","","","","","","","","","","","","","","","","","","","","","","","","","","","","","","","","","","","",""
"","loper.d8",6,1405,65.8,"","",10,5,5,10,10,10,15,20,20,30,30,30,5,5,10,10,10,15,20,20,20,30,30,30,5,5,10,10,10,15,20,20,30,30,30,20,20,20,25,25,30,30,35,35,40,20,20,25,25,30,35,40,20,25,25,30,30,35,40,20,20,20,25,25,30,"","","","","","","","","","","","","","","","","","","","","","","",""
"","nikita.mirchevskiy",6,1341,62.8,"","",10,5,5,10,10,10,15,20,20,30,30,30,5,5,10,10,10,15,20,20,20,30,30,30,5,5,10,10,10,15,20,20,30,30,30,"",20,20,25,25,30,30,28,"",40,20,20,25,25,30,35,40,20,25,25,30,30,35,40,20,20,20,25,23,30,"","","","","","","","","","","","","","","","","","","","","","","",""
"","andrei.dokalin",6,1450,67.9,"","",10,5,5,10,10,10,15,20,20,30,30,30,5,5,10,10,10,15,20,20,20,30,30,30,5,5,10,10,10,15,20,20,30,30,30,30,20,20,25,25,30,30,35,35,40,20,20,25,25,30,35,40,20,25,25,30,30,35,40,20,20,20,25,25,30,35,"","","","","","","","","","","","","","","","","","","","","","",""
"","nurmukhammed19",6,1450,67.9,"","",10,5,5,10,10,10,15,20,20,30,30,30,5,5,10,10,10,15,20,20,20,30,30,30,5,5,10,10,10,15,20,20,30,30,30,30,20,20,25,25,30,30,35,35,40,20,20,25,25,30,35,40,20,25,25,30,30,35,40,20,20,20,25,25,30,35,"","","","","","","","","","","","","","","","","","","","","","",""
"","obr.ksusha","",10,0.5,"","",10,"","","","","","","","","","","","","","","","","","","","","","","","","","","","","","","","","","","","","","","","","","","","","","","","","","","","","","","","","","","","","","","","","","","","","","","","","","","","","","","","","","","","","","","",""
"","dima-pavlov1999","",30,1.4,"","",10,5,5,10,"","","","","","","","","","","","","","","","","","","","","","","","","","","","","","","","","","","","","","","","","","","","","","","","","","","","","","","","","","","","","","","","","","","","","","","","","","","","","","","","","","","","",""
"","sabit.ans",7,1580,74,"","",10,5,5,10,10,10,15,20,20,30,30,30,5,5,10,10,10,15,20,20,20,30,30,30,5,5,10,10,10,15,20,20,30,30,30,30,20,20,25,25,30,30,35,35,40,20,20,25,25,30,35,40,20,25,25,30,30,35,40,20,20,20,25,25,30,35,20,25,25,30,30,"","","","","","","","","","","","","","","","","",""
"","Ranch18",4,1083,50.7,"","",10,5,5,10,10,10,15,20,20,30,30,30,5,5,10,10,10,15,20,20,20,30,27,30,5,5,10,10,10,15,20,20,30,30,30,"",20,20,24,25,30,30,35,"",40,20,20,25,25,30,17,"",20,25,25,30,"","","",20,10,10,"","","","","","","","","","","","","","","","","","","","","","","","","","",""
"","dayntypoy1213",6,1450,67.9,"","",10,5,5,10,10,10,15,20,20,30,30,30,5,5,10,10,10,15,20,20,20,30,30,30,5,5,10,10,10,15,20,20,30,30,30,30,20,20,25,25,30,30,35,35,40,20,20,25,25,30,35,40,20,25,25,30,30,35,40,20,20,20,25,25,30,35,"","","","","","","","","","","","","","","","","","","","","","",""
"","alexei.kryuchkow",5,1252,58.6,"","",10,5,5,10,10,10,15,20,20,30,30,30,5,5,10,10,10,15,20,20,20,30,30,28,5,5,10,10,10,15,20,20,30,30,30,20,20,20,24,25,30,30,35,35,40,20,20,25,25,30,35,40,20,25,12,15,13,"","",20,20,20,25,25,"","","","","","","","","","","","","","","","","","","","","","","","",""
"","mishasem145",6,1315,61.6,"","",10,5,5,10,10,10,15,20,20,30,30,30,5,5,10,10,10,15,20,20,20,30,30,30,5,5,10,10,10,15,20,20,30,30,30,30,20,20,"",25,30,30,35,"",40,20,20,25,25,30,35,40,20,25,25,27,27,31,40,20,20,20,25,25,"","","","","","","","","","","","","","","","","","","","","","","","",""
"","Calibur578",6,1450,67.9,"","",10,5,5,10,10,10,15,20,20,30,30,30,5,5,10,10,10,15,20,20,20,30,30,30,5,5,10,10,10,15,20,20,30,30,30,30,20,20,25,25,30,30,35,35,40,20,20,25,25,30,35,40,20,25,25,30,30,35,40,20,20,20,25,25,30,35,"","","","","","","","","","","","","","","","","","","","","","",""
"","borisov220807",4,1144,53.6,"","",10,5,5,10,10,10,15,20,20,30,30,30,5,5,10,10,10,15,20,15,20,30,"",30,5,5,10,10,10,9,20,20,30,30,30,30,20,20,20,20,24,24,"","","",20,20,25,25,30,35,"",20,25,25,30,30,17,"",20,20,20,25,25,30,"","","","","","","","","","","","","","","","","","","","","","","",""
"","dyknguenmin",6,1311,61.4,"","",10,5,5,10,10,10,15,20,20,30,30,30,5,5,10,10,10,15,20,20,20,30,30,30,5,5,10,10,10,15,20,20,30,30,30,30,18,20,25,25,30,30,35,28,"",20,20,25,25,30,35,40,20,25,25,30,15,"","",20,20,20,25,25,30,35,"","","","","","","","","","","","","","","","","","","","","","",""
"","Fedor-post1",4,1112,52.1,"","",10,5,5,10,10,10,15,20,20,30,30,30,5,5,10,10,10,15,10,20,10,30,"","",5,5,10,10,10,15,20,20,30,30,30,"",20,20,24,25,24,24,"","",32,20,20,25,25,30,35,40,20,25,25,30,"",35,"",20,20,20,25,23,"","","","","","","","","","","","","","","","","","","","","","","","",""
"","akiwork000",6,1450,67.9,"","",10,5,5,10,10,10,15,20,20,30,30,30,5,5,10,10,10,15,20,20,20,30,30,30,5,5,10,10,10,15,20,20,30,30,30,30,20,20,25,25,30,30,35,35,40,20,20,25,25,30,35,40,20,25,25,30,30,35,40,20,20,20,25,25,30,35,"","","","","","","","","","","","","","","","","","","","","","",""
"","kretovpe",3,942,44.1,"","",10,5,5,10,10,10,15,20,20,30,"",30,5,5,10,10,10,15,20,20,20,30,"","",5,5,10,10,10,13,20,20,30,"",30,"",20,20,24,25,"","","","",40,20,20,25,25,30,"",40,18,22,25,"","",35,"",20,20,"",25,25,"","","","","","","","","","","","","","","","","","","","","","","","",""
"","kurlov.artyom","",10,0.5,"","",10,"","","","","","","","","","","","","","","","","","","","","","","","","","","","","","","","","","","","","","","","","","","","","","","","","","","","","","","","","","","","","","","","","","","","","","","","","","","","","","","","","","","","","","","",""
"","latifatimerhanova",2,610,28.6,"","",5,5,5,10,10,10,15,20,20,30,30,30,5,5,10,10,10,15,20,20,20,30,30,30,5,5,10,10,10,15,20,20,30,30,30,30,"","","","","","","","","","","","","","","","","","","","","","","","","","","","","","","","","","","","","","","","","","","","","","","","","","","","",""
"","onelavver",6,1379,64.6,"","",10,5,5,10,10,10,15,20,20,30,30,30,5,5,10,10,10,15,20,20,20,30,30,30,5,5,10,10,10,15,20,20,30,30,30,30,20,20,24,25,30,30,35,35,40,20,20,25,25,30,35,40,20,25,"","",15,35,40,20,20,20,25,25,30,35,"","","","","","","","","","","","","","","","","","","","","","",""
"","twainsanity","",10,0.5,"","",10,"","","","","","","","","","","","","","","","","","","","","","","","","","","","","","","","","","","","","","","","","","","","","","","","","","","","","","","","","","","","","","","","","","","","","","","","","","","","","","","","","","","","","","","",""
"","smyrbagrat",4,1129,52.9,"","",10,5,5,10,10,10,15,20,20,30,"",30,5,5,10,10,10,15,20,20,20,30,"","",5,5,10,10,10,15,20,20,30,30,"","",20,20,24,25,30,30,35,"",40,20,20,25,25,30,35,40,20,25,25,30,"",35,"",20,20,20,25,25,"","","","","","","","","","","","","","","","","","","","","","","","",""
"","ffff122112228",2,607,28.4,"","",10,5,5,10,10,10,15,20,20,26,30,30,5,5,10,10,10,15,20,15,"",30,"",30,"",2,"","",5,"",10,10,"","","","",20,20,20,20,30,24,"","","",20,20,25,25,15,"","","","","","","","","","","","","","","","","","","","","","","","","","","","","","","","","","","","","","",""
"","a-dmitriev-2008-2",6,1419,66.5,"","",10,5,5,10,10,10,15,20,20,30,30,30,5,5,10,10,10,15,20,20,20,30,30,30,5,5,10,10,10,15,20,20,30,30,30,30,20,20,25,20,24,24,28,28,40,20,20,25,25,30,35,40,20,25,25,30,30,35,40,20,20,20,25,25,30,35,"","","","","","","","","","","","","","","","","","","","","","",""
"","PPE111",6,1413,66.2,"","",10,5,5,10,10,10,15,20,20,30,30,30,5,5,10,10,10,15,20,20,20,30,30,30,5,5,10,10,10,15,20,20,30,30,30,30,20,20,25,25,30,30,28,28,32,20,20,25,25,25,35,40,20,22,25,27,30,31,40,20,20,20,25,25,30,35,"","","","","","","","","","","","","","","","","","","","","","",""
"","em.makar",6,1383,64.8,"","",10,5,5,10,10,10,15,20,20,30,30,30,5,5,10,10,10,15,20,20,20,30,30,30,5,5,10,10,10,15,20,20,30,30,30,30,20,20,25,25,30,30,35,35,40,20,20,25,25,30,35,40,20,25,25,30,30,17,40,20,20,20,25,11,30,"","","","","","","","","","","","","","","","","","","","","","","",""
"","Iloveitidontcare",1,463,21.7,"","",5,5,5,10,10,10,15,"",20,30,"",30,5,5,10,"","","",20,20,20,30,"","",5,3,10,10,"",11,20,20,30,"","","","","","",20,24,"","",28,32,"","","","","","","","","","","","","","","","","","","","","","","","","","","","","","","","","","","","","","","","","","","",""
"","akcutenko879@mail.ru",4,1025,48,"","",10,5,5,10,10,10,15,20,20,30,30,30,5,5,10,10,10,15,20,20,20,15,"","",5,5,10,10,10,15,20,20,30,"","","",16,20,19,"",24,24,"","","",20,20,25,25,30,35,40,20,25,"","","",17,40,20,20,20,25,25,30,35,"","","","","","","","","","","","","","","","","","","","","","",""
"","Uufaaleksandr2000",4,1042,48.8,"","","","","","","","","","","","","","",5,5,10,10,10,15,20,18,20,15,15,"",5,5,10,10,10,15,20,20,30,30,30,15,20,20,25,25,30,30,35,"","",20,20,25,25,30,35,40,20,25,25,30,30,31,20,20,20,20,25,23,30,"","","","","","","","","","","","","","","","","","","","","","","",""
"","bubnovdemaa",7,1495,70,"","","","","","","","","","","","","","",5,5,10,10,10,15,20,20,20,30,30,30,5,5,10,10,10,15,20,20,30,30,30,30,20,20,25,25,30,30,35,35,40,20,20,25,25,30,35,40,20,25,25,30,30,35,40,20,20,20,25,25,30,35,20,25,25,30,30,35,35,40,"","","","","","","","","","","","","","",""
"","boo20mka",3,829,38.8,"","",10,5,5,10,10,10,15,20,20,30,30,30,5,4,10,"",10,"","","","","","","",5,5,10,10,6,15,20,20,30,30,30,"",20,20,25,25,30,24,"","","",20,20,25,25,30,35,40,20,25,"","","","","",20,20,"","","","","","","","","","","","","","","","","","","","","","","","","","","",""
"","shtourman.a@gmail.com",6,1312,61.5,"","",10,5,5,10,10,10,15,20,20,19,30,30,5,5,10,10,10,15,20,20,20,30,30,30,5,5,10,10,10,15,20,20,30,30,30,30,20,20,25,25,28,30,31,28,32,20,20,25,25,30,35,40,20,25,25,27,"",35,34,20,20,20,25,23,"","","","","","","","","","","","","","","","","","","","","","","","",""
"","ubastard.h",6,1296,60.7,"","",10,5,5,10,10,10,15,20,20,30,30,30,5,5,10,10,10,15,20,20,10,30,15,15,5,5,10,10,10,15,20,20,30,30,30,15,20,20,25,25,30,30,28,28,32,20,20,25,25,30,35,40,20,25,25,30,30,35,"",20,20,20,25,23,30,"","","","","","","","","","","","","","","","","","","","","","","",""
"","kolobov.ae",4,1105,51.8,"","",5,5,5,10,10,10,15,20,20,"","","",5,5,10,10,10,15,20,20,20,30,"",30,5,5,10,10,10,15,20,20,30,30,30,30,20,20,25,25,30,30,35,35,40,20,20,25,25,30,35,40,"","",25,30,30,35,40,"","","","","","","","","","","","","","","","","","","","","","","","","","","","","",""
"","ZukomaTokarin",1,478,22.4,"","",5,5,"","","",10,15,20,20,30,30,24,2,2,5,5,5,7,8,9,10,"","","",2,2,5,5,5,6,10,10,"","","","",16,20,24,"","",24,35,"",40,"",10,"","",15,17,20,"","","","","","","","","","","","","","","","","","","","","","","","","","","","","","","","","","","","",""
"","taymazkadyrov","",110,5.2,"","",10,"","","","","","","","","","","","","","","","","","","","","","",100,"","","","","","","","","","","","","","","","","","","","","","","","","","","","","","","","","","","","","","","","","","","","","","","","","","","","","","","","","","","","","","","","",""
"","nphne-aa-aa-6acm3dbt","",17,0.8,"","","","","","","","","","","","","","","","","","","","","","","","","","","","","","","","","","","","","","","","","","","","","","","","","","","","",17,"","","","","","","","","","","","","","","","","","","","","","","","","","","","","","","","","","","","","",""
"","morz1k3","","","","","","","","","","","","","","","","","","","","","","","","","","","","","","","","","","","","","","","","","","","","","","","","","","","","","","","","","","","","","","","","","","","","","","","","","","","","","","","","","","","","","","","","","","","","","",""
"","Azar299","","","","","","","","","","","","","","","","","","","","","","","","","","","","","","","","","","","","","","","","","","","","","","","","","","","","","","","","","","","","","","","","","","","","","","","","","","","","","","","","","","","","","","","","","","","","","",""
"","brusentsevapO-O","","","","","","","","","","","","","","","","","","","","","","","","","","","","","","","","","","","","","","","","","","","","","","","","","","","","","","","","","","","","","","","","","","","","","","","","","","","","","","","","","","","","","","","","","","","","","",""
"","aliinsse","","","","","","","","","","","","","","","","","","","","","","","","","","","","","","","","","","","","","","","","","","","","","","","","","","","","","","","","","","","","","","","","","","","","","","","","","","","","","","","","","","","","","","","","","","","","","",""
"","Albersta","","","","","","","","","","","","","","","","","","","","","","","","","","","","","","","","","","","","","","","","","","","","","","","","","","","","","","","","","","","","","","","","","","","","","","","","","","","","","","","","","","","","","","","","","","","","","",""
"","R3XGAMR","","","","","","","","","","","","","","","","","","","","","","","","","","","","","","","","","","","","","","","","","","","","","","","","","","","","","","","","","","","","","","","","","","","","","","","","","","","","","","","","","","","","","","","","","","","","","",""
"","uspeshniyonebay888","","","","","","","","","","","","","","","","","","","","","","","","","","","","","","","","","","","","","","","","","","","","","","","","","","","","","","","","","","","","","","","","","","","","","","","","","","","","","","","","","","","","","","","","","","","","","",""
"","petrkretovkreto@mail.ru","","","","","","","","","","","","","","","","","","","","","","","","","","","","","","","","","","","","","","","","","","","","","","","","","","","","","","","","","","","","","","","","","","","","","","","","","","","","","","","","","","","","","","","","","","","","","",""
"","super.star.eto.ya228","","","","","","","","","","","","","","","","","","","","","","","","","","","","","","","","","","","","","","","","","","","","","","","","","","","","","","","","","","","","","","","","","","","","","","","","","","","","","","","","","","","","","","","","","","","","","",""
"","artemka2008rec","","","","","","","","","","","","","","","","","","","","","","","","","","","","","","","","","","","","","","","","","","","","","","","","","","","","","","","","","","","","","","","","","","","","","","","","","","","","","","","","","","","","","","","","","","","","","",""
"","Ps5","","","","","","","","","","","","","","","","","","","","","","","","","","","","","","","","","","","","","","","","","","","","","","","","","","","","","","","","","","","","","","","","","","","","","","","","","","","","","","","","","","","","","","","","","","","","","",""
"","Artosssik","","","","","","","","","","","","","","","","","","","","","","","","","","","","","","","","","","","","","","","","","","","","","","","","","","","","","","","","","","","","","","","","","","","","","","","","","","","","","","","","","","","","","","","","","","","","","",""
"","m-Coder","","","","","","","","","","","","","","","","","","","","","","","","","","","","","","","","","","","","","","","","","","","","","","","","","","","","","","","","","","","","","","","","","","","","","","","","","","","","","","","","","","","","","","","","","","","","","",""
"","dejande","","","","","","","","","","","","","","","","","","","","","","","","","","","","","","","","","","","","","","","","","","","","","","","","","","","","","","","","","","","","","","","","","","","","","","","","","","","","","","","","","","","","","","","","","","","","","",""
"","uid-xmefjko5","","","","","","","","","","","","","","","","","","","","","","","","","","","","","","","","","","","","","","","","","","","","","","","","","","","","","","","","","","","","","","","","","","","","","","","","","","","","","","","","","","","","","","","","","","","","","",""
"","useruser2081@gmail.com","","","","","","","","","","","","","","","","","","","","","","","","","","","","","","","","","","","","","","","","","","","","","","","","","","","","","","","","","","","","","","","","","","","","","","","","","","","","","","","","","","","","","","","","","","","","","",""
"","bogdanikitin","","","","","","","","","","","","","","","","","","","","","","","","","","","","","","","","","","","","","","","","","","","","","","","","","","","","","","","","","","","","","","","","","","","","","","","","","","","","","","","","","","","","","","","","","","","","","",""
"","s.yu.bogdanov","","","","","","","","","","","","","","","","","","","","","","","","","","","","","","","","","","","","","","","","","","","","","","","","","","","","","","","","","","","","","","","","","","","","","","","","","","","","","","","","","","","","","","","","","","","","","",""
"","Mr.GGnoris","","","","","","","","","","","","","","","","","","","","","","","","","","","","","","","","","","","","","","","","","","","","","","","","","","","","","","","","","","","","","","","","","","","","","","","","","","","","","","","","","","","","","","","","","","","","","",""
"","daniil.ignatiev21","","","","","","","","","","","","","","","","","","","","","","","","","","","","","","","","","","","","","","","","","","","","","","","","","","","","","","","","","","","","","","","","","","","","","","","","","","","","","","","","","","","","","","","","","","","","","",""
"","matsony15","","","","","","","","","","","","","","","","","","","","","","","","","","","","","","","","","","","","","","","","","","","","","","","","","","","","","","","","","","","","","","","","","","","","","","","","","","","","","","","","","","","","","","","","","","","","","",""
"","sipliza","","","","","","","","","","","","","","","","","","","","","","","","","","","","","","","","","","","","","","","","","","","","","","","","","","","","","","","","","","","","","","","","","","","","","","","","","","","","","","","","","","","","","","","","","","","","","",""
"","babariko.kd@phystech.edu","","","","","","","","","","","","","","","","","","","","","","","","","","","","","","","","","","","","","","","","","","","","","","","","","","","","","","","","","","","","","","","","","","","","","","","","","","","","","","","","","","","","","","","","","","","","","",""
"","Gindullundinar","","","","","","","","","","","","","","","","","","","","","","","","","","","","","","","","","","","","","","","","","","","","","","","","","","","","","","","","","","","","","","","","","","","","","","","","","","","","","","","","","","","","","","","","","","","","","",""
"","annna.pozdeeva","","","","","","","","","","","","","","","","","","","","","","","","","","","","","","","","","","","","","","","","","","","","","","","","","","","","","","","","","","","","","","","","","","","","","","","","","","","","","","","","","","","","","","","","","","","","","",""
"","ker1lll","","","","","","","","","","","","","","","","","","","","","","","","","","","","","","","","","","","","","","","","","","","","","","","","","","","","","","","","","","","","","","","","","","","","","","","","","","","","","","","","","","","","","","","","","","","","","",""
"","yndx-alexdat-xivc2r","","","","","","","","","","","","","","","","","","","","","","","","","","","","","","","","","","","","","","","","","","","","","","","","","","","","","","","","","","","","","","","","","","","","","","","","","","","","","","","","","","","","","","","","","","","","","",""
"","evgeny.patochenko","","","","","","","","","","","","","","","","","","","","","","","","","","","","","","","","","","","","","","","","","","","","","","","","","","","","","","","","","","","","","","","","","","","","","","","","","","","","","","","","","","","","","","","","","","","","","",""